order_id,account_id,company,status,currency,subtotal,tax,total,created_at
1,27611,"Boone, Gallagher and Scott",invoiced,EUR,1.27,0.25,1.52,2026-03-03T17:07:26.495129Z
8,39714,Rivers-Martinez,paid,GBP,3861.56,772.31,4633.87,2026-03-03T17:07:26.500548Z
7,52445,Foster Inc,confirmed,USD,3564.0,249.48,3813.48,2026-03-03T17:07:26.506470Z
2,17412,Miller and Sons,invoiced,EUR,12784.0,2556.8,15340.8,2026-03-03T17:07:26.509118Z
5,91644,Harmon-Pope,confirmed,USD,0.72,0.05,0.77,2026-03-03T17:07:26.528921Z
6,85211,Washington LLC,paid,USD,5373.98,376.18,5750.16,2026-03-03T17:07:26.544550Z
10,84894,Patterson PLC,confirmed,USD,4257.21,298.0,4555.21,2026-03-03T17:07:26.546863Z
3,41190,"Stephens, Wood and Munoz",confirmed,GBP,2.1,0.42,2.52,2026-03-03T17:07:26.552069Z
4,40939,Garcia-Foster,confirmed,USD,0.28,0.02,0.3,2026-03-03T17:07:26.555862Z
9,70687,"Brooks, Taylor and Delacruz",confirmed,USD,37553.0,2628.71,40181.71,2026-03-03T17:07:26.560524Z
13,43948,Jennings-Sutton,paid,EUR,3168.0,633.6,3801.6,2026-03-03T17:07:26.633088Z
14,24002,"Park, Pearson and Bentley",invoiced,EUR,3867.1,773.42,4640.52,2026-03-03T17:07:26.636520Z
17,78417,Roman-Horne,confirmed,EUR,957.0,191.4,1148.4,2026-03-03T17:07:26.638350Z
12,72202,Sandoval-Estrada,confirmed,GBP,261.04,52.21,313.25,2026-03-03T17:07:26.650305Z
19,98752,Glover PLC,created,EUR,996.92,199.38,1196.3,2026-03-03T17:07:26.656265Z
16,57385,Castillo-Butler,paid,EUR,1881.55,376.31,2257.86,2026-03-03T17:07:26.658244Z
11,69294,"Vincent, Harrington and Hayes",created,EUR,0.09,0.02,0.11,2026-03-03T17:07:26.670376Z
18,33758,Stanley LLC,created,EUR,1486.48,297.3,1783.78,2026-03-03T17:07:26.674432Z
15,37391,Boyd Inc,confirmed,USD,2.79,0.2,2.99,2026-03-03T17:07:26.682545Z
20,99948,Green Ltd,invoiced,USD,11186.0,783.02,11969.02,2026-03-03T17:07:27.763251Z
26,36575,"Harris, Burke and Brown",paid,GBP,1.23,0.25,1.48,2026-03-03T17:07:27.861988Z
21,31620,Norris-Reid,created,USD,35958.76,2517.11,38475.87,2026-03-03T17:07:27.864871Z
24,60182,"White, Murillo and Lee",invoiced,USD,1015.0,71.05,1086.05,2026-03-03T17:07:27.866918Z
28,24805,"Anderson, Harper and Thompson",created,EUR,0.38,0.08,0.46,2026-03-03T17:07:27.877140Z
23,47999,Smith LLC,created,EUR,348.26,69.65,417.91,2026-03-03T17:07:27.886150Z
30,80658,Carr-Howell,created,EUR,39140.0,7828.0,46968.0,2026-03-03T17:07:27.890550Z
25,59409,Lewis LLC,confirmed,USD,4356.0,304.92,4660.92,2026-03-03T17:07:27.892368Z
29,81843,Reed PLC,created,GBP,45306.0,9061.2,54367.2,2026-03-03T17:07:27.904223Z
27,94999,Miles-Krueger,created,GBP,4596.0,919.2,5515.2,2026-03-03T17:07:27.905961Z
22,28398,Johnson Group,confirmed,EUR,30362.0,6072.4,36434.4,2026-03-03T17:07:28.948741Z
32,20147,Thomas Ltd,created,USD,1.93,0.14,2.07,2026-03-03T17:07:29.013531Z
33,84754,Chen LLC,paid,EUR,2633.0,526.6,3159.6,2026-03-03T17:07:29.015837Z
35,81918,Christensen-Burgess,created,EUR,17578.0,3515.6,21093.6,2026-03-03T17:07:29.026114Z
31,11609,Rodriguez-Long,invoiced,GBP,783.0,156.6,939.6,2026-03-03T17:07:29.059845Z
37,99391,"Davis, Williamson and Wilkinson",created,EUR,1102.38,220.48,1322.86,2026-03-03T17:07:29.064843Z
38,93817,Patterson-Ramsey,confirmed,USD,1.36,0.1,1.46,2026-03-03T17:07:29.072750Z
34,79328,Willis-Bridges,confirmed,GBP,42525.46,8505.09,51030.55,2026-03-03T17:07:29.079608Z
39,37505,Cruz-Lee,paid,GBP,2.4,0.48,2.88,2026-03-03T17:07:29.101402Z
36,53083,Bird LLC,created,GBP,4478.68,895.74,5374.42,2026-03-03T17:07:29.103242Z
40,70110,"Humphrey, Johnson and Campbell",invoiced,USD,0.86,0.06,0.92,2026-03-03T17:07:29.109364Z
49,18766,Gutierrez-Rodriguez,paid,EUR,4179.28,835.86,5015.14,2026-03-03T17:07:29.200039Z
43,15053,Horton-Thomas,confirmed,GBP,3196.9,639.38,3836.28,2026-03-03T17:07:29.225945Z
42,93810,Johnson LLC,created,EUR,4381.12,876.22,5257.34,2026-03-03T17:07:29.229160Z
44,63547,"Weaver, Atkins and Thompson",created,GBP,12785.58,2557.12,15342.7,2026-03-03T17:07:29.231415Z
47,56117,Jordan Group,created,GBP,5448.0,1089.6,6537.6,2026-03-03T17:07:29.242870Z
41,59941,Hall-Martin,paid,GBP,991.1,198.22,1189.32,2026-03-03T17:07:29.244480Z
45,45635,Freeman-Miller,paid,EUR,17447.97,3489.59,20937.56,2026-03-03T17:07:29.251136Z
48,81848,Anderson-Dawson,confirmed,USD,1791.0,125.37,1916.37,2026-03-03T17:07:29.253109Z
46,20011,Williams-Matthews,invoiced,USD,1276.75,89.37,1366.12,2026-03-03T17:07:29.262102Z
50,75213,Diaz-Macdonald,confirmed,EUR,66317.0,13263.4,79580.4,2026-03-03T17:07:29.264139Z
54,28019,Hawkins-Webb,paid,USD,725.0,50.75,775.75,2026-03-03T17:07:29.364889Z
51,41918,"Tran, Sanchez and Chaney",paid,USD,2.32,0.16,2.48,2026-03-03T17:07:29.376387Z
59,39384,Cantu Group,created,USD,754.27,52.8,807.07,2026-03-03T17:07:29.409088Z
56,83368,Wells PLC,confirmed,EUR,9588.0,1917.6,11505.6,2026-03-03T17:07:29.416537Z
58,86121,Harris Ltd,invoiced,USD,0.78,0.05,0.83,2026-03-03T17:07:29.418355Z
57,15579,Lawrence-Smith,invoiced,GBP,991.23,198.25,1189.48,2026-03-03T17:07:29.421124Z
60,50344,Lane-Baker,paid,GBP,3367.52,673.5,4041.02,2026-03-03T17:07:30.470120Z
52,45168,Beard PLC,invoiced,USD,1.48,0.1,1.58,2026-03-03T17:07:30.481968Z
55,21841,Hernandez Ltd,invoiced,USD,1.65,0.12,1.77,2026-03-03T17:07:30.490974Z
53,90889,Bryant Ltd,paid,USD,2178.0,152.46,2330.46,2026-03-03T17:07:30.530320Z
64,72411,Mccoy Group,created,USD,39950.0,2796.5,42746.5,2026-03-03T17:07:30.589075Z
69,99684,Davis and Sons,invoiced,GBP,5177.01,1035.4,6212.41,2026-03-03T17:07:30.616052Z
70,25523,Warner-Cole,invoiced,GBP,6593.0,1318.6,7911.6,2026-03-03T17:07:30.629232Z
67,19803,Miranda Group,paid,GBP,1247.0,249.4,1496.4,2026-03-03T17:07:30.631086Z
61,74813,Hawkins LLC,paid,USD,13135.44,919.48,14054.92,2026-03-03T17:07:30.654508Z
62,85400,Brown and Sons,created,USD,3.23,0.23,3.46,2026-03-03T17:07:30.670881Z
66,19281,Hamilton-Sanchez,created,EUR,1.03,0.21,1.24,2026-03-03T17:07:30.675072Z
65,64361,Roberts-Kirk,confirmed,EUR,1.68,0.34,2.02,2026-03-03T17:07:30.679854Z
68,71127,"Burgess, Odonnell and Rodriguez",paid,USD,23171.16,1621.98,24793.14,2026-03-03T17:07:31.754868Z
63,68345,Carter-Blankenship,paid,USD,5084.32,355.9,5440.22,2026-03-03T17:07:31.757178Z
71,52434,"Harvey, Smith and Mcgrath",created,EUR,4669.0,933.8,5602.8,2026-03-03T17:07:31.824861Z
76,58569,Clements-Gonzalez,confirmed,GBP,32759.0,6551.8,39310.8,2026-03-03T17:07:31.830055Z
77,43125,Gonzalez-Lee,created,USD,0.09,0.01,0.1,2026-03-03T17:07:31.836169Z
79,29049,Bailey-Martin,created,EUR,0.6,0.12,0.72,2026-03-03T17:07:31.861638Z
75,69093,"Kim, Williams and Saunders",invoiced,USD,16746.0,1172.22,17918.22,2026-03-03T17:07:31.887965Z
78,34596,Evans Ltd,created,EUR,0.3,0.06,0.36,2026-03-03T17:07:31.893120Z
73,46675,Shaw PLC,invoiced,USD,0.49,0.03,0.52,2026-03-03T17:07:31.896116Z
74,90035,"Camacho, Flores and Marsh",created,GBP,23765.53,4753.11,28518.64,2026-03-03T17:07:31.910818Z
72,19624,"Rodgers, Lopez and Hale",confirmed,GBP,2558.0,511.6,3069.6,2026-03-03T17:07:31.913788Z
80,45584,Weaver-Erickson,confirmed,GBP,1592.0,318.4,1910.4,2026-03-03T17:07:32.973082Z
83,75032,Davis-Gray,confirmed,GBP,2789.18,557.84,3347.02,2026-03-03T17:07:33.037297Z
87,29130,"Lopez, Combs and Fernandez",paid,GBP,0.34,0.07,0.41,2026-03-03T17:07:33.074566Z
85,36160,"Gilbert, Rodriguez and Stein",created,USD,8983.0,628.81,9611.81,2026-03-03T17:07:33.077088Z
88,62099,Cook and Sons,invoiced,USD,0.61,0.04,0.65,2026-03-03T17:07:33.078747Z
89,20628,"Warner, Green and Cooper",paid,EUR,9751.0,1950.2,11701.2,2026-03-03T17:07:33.080311Z
82,28968,Lucero-Carter,paid,USD,0.11,0.01,0.12,2026-03-03T17:07:33.082018Z
86,14067,"Monroe, Stewart and Smith",invoiced,EUR,15181.0,3036.2,18217.2,2026-03-03T17:07:33.083590Z
81,76314,Morgan-Schmidt,paid,USD,464.33,32.5,496.83,2026-03-03T17:07:33.096569Z
84,47170,Burns PLC,created,GBP,1.04,0.21,1.25,2026-03-03T17:07:33.103239Z
90,36695,"Davis, Keller and Willis",invoiced,EUR,1247.0,249.4,1496.4,2026-03-03T17:07:33.115182Z
96,58574,Velez-Foster,invoiced,EUR,0.33,0.07,0.4,2026-03-03T17:07:33.192254Z
95,79711,"Booker, Doyle and Bowers",confirmed,USD,986.23,69.04,1055.27,2026-03-03T17:07:33.195097Z
93,74795,"Sharp, Ware and Davis",created,EUR,4794.0,958.8,5752.8,2026-03-03T17:07:33.197039Z
91,20947,"Jackson, Sutton and Martin",created,EUR,1452.56,290.51,1743.07,2026-03-03T17:07:33.198648Z
98,56713,"Guerra, Gomez and Brown",invoiced,USD,958.65,67.11,1025.76,2026-03-03T17:07:33.204595Z
97,35498,Shaffer-Watson,invoiced,GBP,0.69,0.14,0.83,2026-03-03T17:07:33.240661Z
99,62950,Gonzalez-White,invoiced,USD,39785.0,2784.95,42569.95,2026-03-03T17:07:33.248817Z
100,29093,Gibson-Townsend,created,USD,34357.28,2405.01,36762.29,2026-03-03T17:07:33.268414Z
94,81670,Martinez LLC,created,GBP,0.33,0.07,0.4,2026-03-03T17:07:33.271557Z
92,65187,"Cunningham, Grant and Chapman",paid,EUR,33560.5,6712.1,40272.6,2026-03-03T17:07:34.314497Z
104,12560,Dennis and Sons,paid,USD,3383.0,236.81,3619.81,2026-03-03T17:07:34.377534Z
107,42306,"Perkins, Compton and Barrett",invoiced,GBP,10387.14,2077.43,12464.57,2026-03-03T17:07:34.388399Z
103,69807,"Horton, Meyers and Norris",confirmed,USD,7568.32,529.78,8098.1,2026-03-03T17:07:34.390429Z
105,87506,Carpenter-Rodriguez,confirmed,EUR,3960.28,792.06,4752.34,2026-03-03T17:07:34.398434Z
101,86172,Kerr PLC,paid,USD,9609.0,672.63,10281.63,2026-03-03T17:07:34.408742Z
102,29421,"Gilbert, Jackson and Marquez",invoiced,USD,2.04,0.14,2.18,2026-03-03T17:07:34.440325Z
109,46645,Stevens PLC,paid,EUR,4653.57,930.71,5584.28,2026-03-03T17:07:34.446403Z
110,60860,"Wright, Olson and Hill",paid,GBP,261.22,52.24,313.46,2026-03-03T17:07:34.462938Z
108,27107,"Ochoa, Gilmore and Cruz",created,EUR,495.0,99.0,594.0,2026-03-03T17:07:34.466012Z
106,72814,Peters PLC,paid,GBP,261.0,52.2,313.2,2026-03-03T17:07:34.469804Z
120,77493,Lopez Ltd,created,GBP,2575.03,515.01,3090.04,2026-03-03T17:07:34.533781Z
113,14004,"Dillon, Bowen and Smith",invoiced,EUR,21576.84,4315.37,25892.21,2026-03-03T17:07:34.547862Z
111,37887,Snyder-Sanders,invoiced,EUR,9353.61,1870.72,11224.33,2026-03-03T17:07:34.549917Z
112,73077,"Riley, Evans and Marshall",created,GBP,693.35,138.67,832.02,2026-03-03T17:07:34.552399Z
114,41579,"Garcia, Wade and Sanchez",created,GBP,34529.0,6905.8,41434.8,2026-03-03T17:07:34.553884Z
115,47125,Waters PLC,confirmed,EUR,8955.61,1791.12,10746.73,2026-03-03T17:07:34.576534Z
116,88617,"Bowen, Smith and Lucas",paid,GBP,6966.75,1393.35,8360.1,2026-03-03T17:07:34.601870Z
117,41470,Martin Group,confirmed,USD,30362.0,2125.34,32487.34,2026-03-03T17:07:34.606758Z
119,47486,Rodgers PLC,confirmed,EUR,1.39,0.28,1.67,2026-03-03T17:07:34.617100Z
118,92825,Collins Ltd,invoiced,EUR,4073.0,814.6,4887.6,2026-03-03T17:07:35.717811Z
121,21442,Silva Group,paid,GBP,4754.72,950.94,5705.66,2026-03-03T17:07:35.820726Z
130,78128,Nelson-Yang,created,GBP,1.14,0.23,1.37,2026-03-03T17:07:35.823648Z
129,86821,"Nelson, Wilkerson and Beasley",confirmed,USD,1.1,0.08,1.18,2026-03-03T17:07:35.825796Z
128,41017,Hunt-Anderson,confirmed,GBP,2.54,0.51,3.05,2026-03-03T17:07:35.855421Z
122,76849,Harper LLC,created,USD,6766.0,473.62,7239.62,2026-03-03T17:07:35.858123Z
126,85048,Lane Group,paid,USD,32759.0,2293.13,35052.13,2026-03-03T17:07:35.859931Z
123,16863,Miller-Russell,created,USD,0.04,0.0,0.04,2026-03-03T17:07:35.861365Z
125,41824,Clayton PLC,paid,GBP,4062.69,812.54,4875.23,2026-03-03T17:07:35.865232Z
124,46412,"Smith, Meza and Brown",invoiced,GBP,3.14,0.63,3.77,2026-03-03T17:07:35.867374Z
127,15842,"Carpenter, Carson and Johnson",confirmed,EUR,204.39,40.88,245.27,2026-03-03T17:07:35.879256Z
139,10197,"Jensen, Franklin and Walter",confirmed,USD,6965.0,487.55,7452.55,2026-03-03T17:07:35.944024Z
137,19485,Ortiz and Sons,invoiced,EUR,0.33,0.07,0.4,2026-03-03T17:07:35.949419Z
134,73454,"Gonzalez, Riggs and Bartlett",paid,GBP,0.8,0.16,0.96,2026-03-03T17:07:35.957235Z
133,74727,Olson-Mack,paid,GBP,1287.0,257.4,1544.4,2026-03-03T17:07:35.965254Z
131,51344,Carrillo-Miller,confirmed,GBP,0.8,0.16,0.96,2026-03-03T17:07:35.971786Z
135,97757,Garrett-Aguilar,paid,EUR,435.0,87.0,522.0,2026-03-03T17:07:35.984988Z
138,35354,Cole-Wolfe,invoiced,EUR,4554.9,910.98,5465.88,2026-03-03T17:07:36.004072Z
136,85460,Rice-Hamilton,invoiced,USD,398.7,27.91,426.61,2026-03-03T17:07:36.026361Z
140,22453,Adams PLC,confirmed,EUR,992.14,198.43,1190.57,2026-03-03T17:07:36.030491Z
132,64057,Russell and Sons,paid,EUR,5.3,1.06,6.36,2026-03-03T17:07:36.034484Z
145,65412,"Smith, Johnson and Flores",paid,EUR,0.32,0.06,0.38,2026-03-03T17:07:36.105754Z
147,89330,"Hernandez, Duffy and Gonzales",confirmed,EUR,0.49,0.1,0.59,2026-03-03T17:07:36.128839Z
141,77806,Carpenter Group,confirmed,USD,2674.68,187.23,2861.91,2026-03-03T17:07:36.133749Z
144,68755,Gibson Ltd,created,GBP,1134.57,226.91,1361.48,2026-03-03T17:07:36.168890Z
148,62887,"Fields, Cordova and Williams",invoiced,GBP,23971.22,4794.24,28765.46,2026-03-03T17:07:36.175169Z
143,34107,Smith and Sons,confirmed,GBP,3071.13,614.23,3685.36,2026-03-03T17:07:36.177394Z
146,27476,Hanson Inc,created,USD,34535.0,2417.45,36952.45,2026-03-03T17:07:36.191330Z
150,52777,Lopez-Torres,confirmed,GBP,3762.72,752.54,4515.26,2026-03-03T17:07:37.242589Z
142,86361,"Frazier, Tucker and Tucker",invoiced,USD,1334.0,93.38,1427.38,2026-03-03T17:07:37.248501Z
149,19320,King and Sons,confirmed,USD,33558.22,2349.08,35907.3,2026-03-03T17:07:38.390601Z
151,63689,"Chen, Harris and Mcpherson",invoiced,GBP,14702.0,2940.4,17642.4,2026-03-03T17:07:38.451005Z
157,90169,Walker-Smith,created,USD,0.78,0.05,0.83,2026-03-03T17:07:38.459511Z
156,73934,Small-Wright,invoiced,USD,7990.09,559.31,8549.4,2026-03-03T17:07:38.472654Z
153,74292,Johnson Ltd,invoiced,EUR,35546.0,7109.2,42655.2,2026-03-03T17:07:38.476752Z
154,36626,Tucker-Clark,created,EUR,37924.92,7584.98,45509.9,2026-03-03T17:07:38.481582Z
152,61308,"Thomas, Bonilla and Yates",paid,GBP,0.04,0.01,0.05,2026-03-03T17:07:38.503700Z
158,99686,Michael Inc,created,EUR,2.26,0.45,2.71,2026-03-03T17:07:38.513882Z
155,86137,"Ryan, English and Bird",created,EUR,12172.0,2434.4,14606.4,2026-03-03T17:07:38.520915Z
160,26061,"Cooper, Thompson and Matthews",confirmed,USD,9157.04,640.99,9798.03,2026-03-03T17:07:38.552181Z
159,61710,Chambers and Sons,created,EUR,1609.0,321.8,1930.8,2026-03-03T17:07:39.583682Z
164,22495,"Turner, Acevedo and Ford",created,EUR,87.0,17.4,104.4,2026-03-03T17:07:39.643270Z
167,39993,Murphy LLC,confirmed,EUR,1598.47,319.69,1918.16,2026-03-03T17:07:39.653462Z
161,77922,Pierce and Sons,invoiced,USD,26946.0,1886.22,28832.22,2026-03-03T17:07:39.670166Z
165,12205,Nixon Group,paid,GBP,4378.09,875.62,5253.71,2026-03-03T17:07:39.680586Z
166,33424,"Morrison, Patterson and Murphy",created,GBP,9752.12,1950.42,11702.54,2026-03-03T17:07:39.688456Z
168,25057,"Wood, Lopez and Patel",created,USD,9766.0,683.62,10449.62,2026-03-03T17:07:39.692751Z
162,17039,"Leach, Harris and Harris",invoiced,EUR,12479.76,2495.95,14975.71,2026-03-03T17:07:39.740722Z
170,55218,"Flores, Davis and Nguyen",confirmed,EUR,1.93,0.39,2.32,2026-03-03T17:07:39.742845Z
163,80965,"Bryant, Silva and Vasquez",confirmed,EUR,0.73,0.15,0.88,2026-03-03T17:07:40.773858Z
169,43492,"Weber, Peters and Martinez",paid,GBP,2970.0,594.0,3564.0,2026-03-03T17:07:41.922053Z
178,24768,"Orozco, Newman and Fischer",paid,GBP,3.41,0.68,4.09,2026-03-03T17:07:41.998803Z
175,68190,Williams PLC,invoiced,USD,4555.04,318.85,4873.89,2026-03-03T17:07:42.019292Z
171,83639,Mcgrath-Wilson,invoiced,GBP,24946.0,4989.2,29935.2,2026-03-03T17:07:42.023255Z
172,56205,Lewis LLC,paid,EUR,464.0,92.8,556.8,2026-03-03T17:07:42.025748Z
174,10614,Lucero-Crawford,created,USD,5970.6,417.94,6388.54,2026-03-03T17:07:42.027103Z
176,13892,Saunders and Sons,confirmed,EUR,8955.51,1791.1,10746.61,2026-03-03T17:07:42.042958Z
180,28905,Craig PLC,created,GBP,31161.08,6232.22,37393.3,2026-03-03T17:07:42.049488Z
177,38415,Fisher-Lee,created,USD,1102.53,77.18,1179.71,2026-03-03T17:07:42.051262Z
179,35975,Summers Inc,confirmed,EUR,5.9,1.18,7.08,2026-03-03T17:07:42.052761Z
173,52483,Barnett-Strickland,paid,EUR,4.0,0.8,4.8,2026-03-03T17:07:42.061630Z
187,56037,Lara-Hernandez,invoiced,EUR,59720.0,11944.0,71664.0,2026-03-03T17:07:42.131252Z
186,54865,"Perry, Kelley and Cole",created,GBP,4194.76,838.95,5033.71,2026-03-03T17:07:42.133173Z
190,19776,Walton LLC,created,GBP,0.29,0.06,0.35,2026-03-03T17:07:42.147115Z
182,69253,Hall-Morse,confirmed,USD,928.55,65.0,993.55,2026-03-03T17:07:42.168323Z
188,39017,Melendez-Allen,invoiced,EUR,2.88,0.58,3.46,2026-03-03T17:07:42.169925Z
185,24818,Moore PLC,confirmed,USD,754.0,52.78,806.78,2026-03-03T17:07:42.183724Z
181,86145,"Garcia, Cook and Morgan",invoiced,USD,3762.61,263.38,4025.99,2026-03-03T17:07:42.188960Z
183,24148,Burgess Inc,confirmed,USD,3996.07,279.72,4275.79,2026-03-03T17:07:42.205854Z
189,73364,"Hill, Johnston and Wilson",paid,GBP,9950.55,1990.11,11940.66,2026-03-03T17:07:42.221558Z
184,46165,Allen Ltd,created,EUR,31162.11,6232.42,37394.53,2026-03-03T17:07:43.228398Z
200,15978,Navarro Inc,invoiced,EUR,2587.0,517.4,3104.4,2026-03-03T17:07:43.287379Z
195,88055,Williams-Gonzalez,paid,GBP,1.74,0.35,2.09,2026-03-03T17:07:43.310031Z
192,58933,Miller-Parker,invoiced,EUR,8557.0,1711.4,10268.4,2026-03-03T17:07:43.326531Z
198,16944,"Dawson, Garcia and Manning",created,GBP,0.18,0.04,0.22,2026-03-03T17:07:43.328140Z
191,79146,"Savage, Palmer and Thomas",invoiced,GBP,16776.76,3355.35,20132.11,2026-03-03T17:07:43.337798Z
194,88983,Perkins LLC,created,EUR,1.15,0.23,1.38,2026-03-03T17:07:43.350211Z
196,95118,"Dawson, Marquez and Norton",paid,USD,3.6,0.25,3.85,2026-03-03T17:07:43.354207Z
193,83635,Mercado-Hines,created,EUR,5964.51,1192.9,7157.41,2026-03-03T17:07:43.364165Z
199,55120,"Long, Hill and Marquez",created,USD,2.37,0.17,2.54,2026-03-03T17:07:43.387690Z
197,80762,Anderson Inc,paid,USD,12784.0,894.88,13678.88,2026-03-03T17:07:44.446546Z
205,66939,Ramsey-Herrera,paid,GBP,39739.0,7947.8,47686.8,2026-03-03T17:07:44.514216Z
206,11133,Torres Ltd,confirmed,USD,0.21,0.01,0.22,2026-03-03T17:07:44.527952Z
201,18795,"Nguyen, Smith and Campbell",created,GBP,1.82,0.36,2.18,2026-03-03T17:07:44.555063Z
204,62023,Buckley and Sons,confirmed,EUR,27166.24,5433.25,32599.49,2026-03-03T17:07:44.559506Z
202,60533,"Harrison, Marks and Gonzalez",created,GBP,0.96,0.19,1.15,2026-03-03T17:07:44.562324Z
208,46577,"Norman, Brown and Salinas",invoiced,USD,34714.0,2429.98,37143.98,2026-03-03T17:07:44.578227Z
207,76319,"Caldwell, Castaneda and Walker",invoiced,GBP,3.6,0.72,4.32,2026-03-03T17:07:44.584729Z
209,83012,"Johnson, Sheppard and Mitchell",confirmed,USD,1488.13,104.17,1592.3,2026-03-03T17:07:44.587796Z
203,21895,Wilkinson PLC,confirmed,USD,0.14,0.01,0.15,2026-03-03T17:07:44.603774Z
210,60423,Becker Ltd,paid,USD,15181.0,1062.67,16243.67,2026-03-03T17:07:45.717974Z
214,77801,"Kelly, Evans and Fernandez",invoiced,USD,0.96,0.07,1.03,2026-03-03T17:07:45.778720Z
215,15773,"Ellison, Garcia and Mitchell",created,EUR,6766.0,1353.2,8119.2,2026-03-03T17:07:45.794828Z
219,93549,Rose-Murphy,created,GBP,4160.03,832.01,4992.04,2026-03-03T17:07:45.802055Z
218,49369,Rodriguez PLC,invoiced,EUR,0.77,0.15,0.92,2026-03-03T17:07:45.808906Z
213,29942,Robinson-Smith,invoiced,EUR,38845.0,7769.0,46614.0,2026-03-03T17:07:45.829921Z
216,37223,"Lopez, Castillo and Smith",paid,GBP,0.76,0.15,0.91,2026-03-03T17:07:45.843198Z
211,84042,Yang-Smith,paid,EUR,11144.82,2228.96,13373.78,2026-03-03T17:07:45.849560Z
212,61938,"Haas, Thornton and Brown",created,GBP,3961.05,792.21,4753.26,2026-03-03T17:07:45.867860Z
220,40540,"Wright, Hill and Morales",created,GBP,201.61,40.32,241.93,2026-03-03T17:07:45.869879Z
217,47569,Lopez Ltd,created,EUR,39328.99,7865.8,47194.79,2026-03-03T17:07:45.874609Z
224,18360,Marshall PLC,invoiced,EUR,1488.1,297.62,1785.72,2026-03-03T17:07:45.941395Z
228,96057,Berry and Sons,created,GBP,1.93,0.39,2.32,2026-03-03T17:07:45.951541Z
223,53529,Gonzales-Myers,invoiced,GBP,3170.96,634.19,3805.15,2026-03-03T17:07:45.957263Z
229,79311,Perez PLC,created,GBP,1.64,0.33,1.97,2026-03-03T17:07:45.959068Z
227,62305,"Wood, Griffin and Allen",paid,USD,199.0,13.93,212.93,2026-03-03T17:07:45.986203Z
226,73445,Gates PLC,confirmed,GBP,2.4,0.48,2.88,2026-03-03T17:07:45.989094Z
230,31210,Bryan-Hardy,paid,GBP,398.0,79.6,477.6,2026-03-03T17:07:45.990718Z
225,41389,Luna PLC,confirmed,GBP,3564.31,712.86,4277.17,2026-03-03T17:07:45.992210Z
221,42173,Davis-Ramirez,paid,EUR,929.93,185.99,1115.92,2026-03-03T17:07:45.993943Z
222,24142,Campbell Inc,invoiced,GBP,8958.92,1791.78,10750.7,2026-03-03T17:07:46.000544Z
233,99453,"Thompson, Hall and Horn",created,USD,1.48,0.1,1.58,2026-03-03T17:07:46.069222Z
234,54807,Glenn-Hodge,invoiced,EUR,0.2,0.04,0.24,2026-03-03T17:07:46.071205Z
237,91595,Stein-Cordova,confirmed,USD,9950.0,696.5,10646.5,2026-03-03T17:07:46.079455Z
232,46833,Hall Inc,invoiced,USD,5970.0,417.9,6387.9,2026-03-03T17:07:46.101440Z
231,12856,Carson LLC,created,EUR,0.27,0.05,0.32,2026-03-03T17:07:46.123628Z
239,25560,Carey and Sons,paid,GBP,17578.0,3515.6,21093.6,2026-03-03T17:07:46.135986Z
240,90793,Johnson LLC,paid,USD,1566.07,109.62,1675.69,2026-03-03T17:07:46.137858Z
236,98243,Simpson-Oconnor,invoiced,USD,783.0,54.81,837.81,2026-03-03T17:07:46.142486Z
235,55458,"Robertson, Johnson and Jones",confirmed,USD,10387.0,727.09,11114.09,2026-03-03T17:07:46.157569Z
238,58644,Graham Ltd,paid,EUR,1592.0,318.4,1910.4,2026-03-03T17:07:47.162044Z
241,79960,Gomez Ltd,confirmed,EUR,990.0,198.0,1188.0,2026-03-03T17:07:47.235960Z
243,78901,Coleman-Hayes,invoiced,GBP,3961.54,792.31,4753.85,2026-03-03T17:07:47.240660Z
247,70064,Smith-Grimes,paid,EUR,3.46,0.69,4.15,2026-03-03T17:07:47.260879Z
246,17899,"Hughes, Kelly and Simon",paid,USD,25568.0,1789.76,27357.76,2026-03-03T17:07:47.267463Z
244,99140,Reyes-Riley,invoiced,EUR,0.18,0.04,0.22,2026-03-03T17:07:47.272612Z
248,64518,"Howe, Woods and Harris",paid,EUR,670.5,134.1,804.6,2026-03-03T17:07:47.276618Z
249,45532,"Gates, Ramirez and Harper",created,USD,2676.28,187.34,2863.62,2026-03-03T17:07:47.288707Z
245,26491,Ruiz-Hayes,created,GBP,399.33,79.87,479.2,2026-03-03T17:07:47.316384Z
242,53955,Crawford PLC,created,USD,38355.11,2684.86,41039.97,2026-03-03T17:07:47.321609Z
250,60797,Fitzpatrick-Hart,created,USD,7154.76,500.83,7655.59,2026-03-03T17:07:48.375896Z
259,15185,"Davis, Carlson and Snyder",invoiced,EUR,19975.0,3995.0,23970.0,2026-03-03T17:07:48.456967Z
253,80542,"James, Glenn and Delgado",confirmed,USD,99.0,6.93,105.93,2026-03-03T17:07:48.462886Z
258,95676,Moore PLC,created,EUR,8961.96,1792.39,10754.35,2026-03-03T17:07:48.468653Z
254,59126,"King, Stanley and Robinson",confirmed,GBP,52734.0,10546.8,63280.8,2026-03-03T17:07:48.470399Z
251,68298,"Reyes, Lane and Bryant",paid,EUR,1.89,0.38,2.27,2026-03-03T17:07:48.472193Z
260,37613,Hurley PLC,confirmed,USD,23928.0,1674.96,25602.96,2026-03-03T17:07:48.474010Z
252,91512,Huber LLC,confirmed,EUR,0.2,0.04,0.24,2026-03-03T17:07:48.475770Z
255,17248,Davidson-Pope,created,EUR,1450.61,290.12,1740.73,2026-03-03T17:07:48.514810Z
257,51558,Garcia-Schmidt,confirmed,USD,38352.57,2684.68,41037.25,2026-03-03T17:07:48.532695Z
256,74074,Reynolds-Brooks,confirmed,USD,812.0,56.84,868.84,2026-03-03T17:07:49.505597Z
267,35910,Wallace LLC,confirmed,EUR,1393.55,278.71,1672.26,2026-03-03T17:07:49.577073Z
269,15227,Dyer PLC,paid,USD,8061.0,564.27,8625.27,2026-03-03T17:07:49.601082Z
261,66804,Thompson Inc,paid,EUR,2.28,0.46,2.74,2026-03-03T17:07:49.622165Z
265,61411,Calderon-Webb,paid,EUR,4378.0,875.6,5253.6,2026-03-03T17:07:49.636208Z
264,91512,"Carter, Lee and Jackson",paid,USD,0.09,0.01,0.1,2026-03-03T17:07:49.642300Z
268,80046,"Flores, Harrington and Kirby",invoiced,GBP,18377.85,3675.57,22053.42,2026-03-03T17:07:49.648516Z
263,66027,Munoz-Waters,paid,EUR,2587.0,517.4,3104.4,2026-03-03T17:07:49.652515Z
266,19148,"Maldonado, Garcia and Rojas",created,USD,3465.31,242.57,3707.88,2026-03-03T17:07:49.654209Z
270,33513,Li-Cross,confirmed,EUR,0.57,0.11,0.68,2026-03-03T17:07:49.666346Z
262,51051,"Ortiz, Cooper and Allison",confirmed,GBP,0.34,0.07,0.41,2026-03-03T17:07:50.700994Z
274,28937,Wood-Williams,invoiced,GBP,30185.25,6037.05,36222.3,2026-03-03T17:07:50.761342Z
279,63797,Cobb-Williams,created,USD,493.0,34.51,527.51,2026-03-03T17:07:50.763535Z
277,21686,Robinson Inc,created,USD,5381.0,376.67,5757.67,2026-03-03T17:07:50.765838Z
272,72501,Brown-Rich,paid,USD,32723.0,2290.61,35013.61,2026-03-03T17:07:50.774967Z
273,35173,"Schultz, Allen and Simon",paid,GBP,1102.14,220.43,1322.57,2026-03-03T17:07:50.787617Z
271,73382,"Kelly, Rhodes and Watson",confirmed,USD,694.01,48.58,742.59,2026-03-03T17:07:50.789396Z
276,58881,Gonzalez LLC,paid,USD,9904.0,693.28,10597.28,2026-03-03T17:07:50.790825Z
280,50577,Rios-Merritt,created,USD,2184.0,152.88,2336.88,2026-03-03T17:07:50.795925Z
275,26271,"Blair, Grant and Flores",paid,USD,402.32,28.16,430.48,2026-03-03T17:07:50.819420Z
278,48473,Ramirez-Washington,paid,EUR,8359.31,1671.86,10031.17,2026-03-03T17:07:50.836724Z
288,46865,Norton-Castillo,paid,GBP,0.3,0.06,0.36,2026-03-03T17:07:50.901327Z
283,12727,York LLC,paid,GBP,0.18,0.04,0.22,2026-03-03T17:07:50.918201Z
286,74462,Stewart Inc,created,EUR,39950.26,7990.05,47940.31,2026-03-03T17:07:50.921270Z
285,86127,Hughes-Willis,confirmed,GBP,9368.16,1873.63,11241.79,2026-03-03T17:07:50.937346Z
287,82875,Edwards Inc,paid,USD,959.64,67.17,1026.81,2026-03-03T17:07:50.942743Z
290,81132,Beard-Watkins,created,EUR,696.0,139.2,835.2,2026-03-03T17:07:50.972069Z
282,98043,Case Group,created,GBP,4852.03,970.41,5822.44,2026-03-03T17:07:50.973955Z
284,14302,Wood-Berg,created,EUR,11985.51,2397.1,14382.61,2026-03-03T17:07:50.992169Z
281,12601,King-Griffin,invoiced,USD,1.8,0.13,1.93,2026-03-03T17:07:50.994192Z
289,45682,"Lopez, Ramos and Logan",created,USD,0.37,0.03,0.4,2026-03-03T17:07:50.996820Z
292,28971,Hernandez-Hood,paid,GBP,986.0,197.2,1183.2,2026-03-03T17:07:51.060022Z
297,78870,Goodman-Bird,paid,EUR,29621.0,5924.2,35545.2,2026-03-03T17:07:51.085075Z
295,46984,"Harrison, French and Matthews",invoiced,EUR,29563.0,5912.6,35475.6,2026-03-03T17:07:51.087080Z
293,72597,Wilson-Mason,created,USD,2.05,0.14,2.19,2026-03-03T17:07:51.088604Z
298,36975,"Holland, White and White",created,USD,33549.92,2348.49,35898.41,2026-03-03T17:07:51.095055Z
300,88341,Cooper-Smith,created,EUR,1.64,0.33,1.97,2026-03-03T17:07:51.108378Z
294,33077,Washington and Sons,invoiced,GBP,409.46,81.89,491.35,2026-03-03T17:07:51.111493Z
296,19576,Watson-Shelton,confirmed,USD,10735.0,751.45,11486.45,2026-03-03T17:07:51.124740Z
299,57720,"Cortez, Smith and Kline",invoiced,GBP,2.38,0.48,2.86,2026-03-03T17:07:51.134891Z
291,96302,Gross-Rowland,paid,EUR,14382.0,2876.4,17258.4,2026-03-03T17:07:51.147265Z
303,14149,Novak and Sons,confirmed,GBP,0.1,0.02,0.12,2026-03-03T17:07:51.209815Z
308,34560,Rasmussen LLC,confirmed,GBP,2397.26,479.45,2876.71,2026-03-03T17:07:51.239746Z
310,82227,Lopez LLC,created,USD,1102.29,77.16,1179.45,2026-03-03T17:07:51.242427Z
302,83071,"Oneill, Russell and Ayers",paid,USD,15184.04,1062.88,16246.92,2026-03-03T17:07:51.254920Z
305,33932,"Knight, Welch and Campbell",invoiced,EUR,7363.0,1472.6,8835.6,2026-03-03T17:07:51.275910Z
306,66339,"French, Ramirez and Hanson",confirmed,EUR,10387.41,2077.48,12464.89,2026-03-03T17:07:51.279360Z
301,62263,"Lloyd, Snyder and Stevens",paid,USD,1.19,0.08,1.27,2026-03-03T17:07:51.284931Z
309,18316,Smith-Gonzalez,created,USD,22224.0,1555.68,23779.68,2026-03-03T17:07:51.290345Z
307,93588,"Turner, Schwartz and Meyer",paid,GBP,27748.0,5549.6,33297.6,2026-03-03T17:07:51.308357Z
304,27547,Simmons Group,invoiced,GBP,1782.0,356.4,2138.4,2026-03-03T17:07:52.384074Z
314,35746,Rodriguez-Smith,paid,EUR,3.04,0.61,3.65,2026-03-03T17:07:52.446499Z
317,70581,Bush Group,paid,GBP,2401.32,480.26,2881.58,2026-03-03T17:07:52.449911Z
312,95247,Douglas Inc,confirmed,EUR,0.08,0.02,0.1,2026-03-03T17:07:52.458145Z
316,13457,Shepherd Inc,invoiced,EUR,5773.8,1154.76,6928.56,2026-03-03T17:07:52.464068Z
311,44670,Hardy-Mata,created,EUR,1450.0,290.0,1740.0,2026-03-03T17:07:52.493195Z
318,95723,Gibson Group,invoiced,GBP,174.42,34.88,209.3,2026-03-03T17:07:52.504377Z
313,84003,Montes Group,created,GBP,13406.0,2681.2,16087.2,2026-03-03T17:07:52.507270Z
315,63734,"Gutierrez, Smith and Silva",invoiced,EUR,2.88,0.58,3.46,2026-03-03T17:07:52.519215Z
320,68396,"Soto, Kim and Morris",confirmed,EUR,3.46,0.69,4.15,2026-03-03T17:07:52.521433Z
319,33322,Mccormick PLC,confirmed,GBP,19178.08,3835.62,23013.7,2026-03-03T17:07:53.659116Z
328,94157,"Mullins, Owens and Webster",invoiced,USD,1598.0,111.86,1709.86,2026-03-03T17:07:53.723510Z
323,24629,Dean Inc,confirmed,EUR,3.84,0.77,4.61,2026-03-03T17:07:53.742469Z
330,90903,Michael Group,paid,GBP,21164.69,4232.94,25397.63,2026-03-03T17:07:53.749810Z
327,17714,"Wallace, Oconnor and Rodgers",confirmed,EUR,2.0,0.4,2.4,2026-03-03T17:07:53.751624Z
326,23689,Parker-Ballard,paid,GBP,1.64,0.33,1.97,2026-03-03T17:07:53.770442Z
325,82188,Elliott Ltd,created,GBP,33155.0,6631.0,39786.0,2026-03-03T17:07:53.776827Z
322,65034,Brown LLC,paid,GBP,19968.66,3993.73,23962.39,2026-03-03T17:07:53.784937Z
321,46105,Martinez-Hoffman,confirmed,GBP,871.08,174.22,1045.3,2026-03-03T17:07:53.803045Z
324,87344,Moran Ltd,invoiced,GBP,1.59,0.32,1.91,2026-03-03T17:07:53.804675Z
329,72362,Hunt-Walker,paid,GBP,2277.0,455.4,2732.4,2026-03-03T17:07:53.812860Z
339,28512,"Martinez, Johnson and Mccoy",created,GBP,6088.0,1217.6,7305.6,2026-03-03T17:07:53.877777Z
331,52089,Wright Ltd,created,EUR,7868.0,1573.6,9441.6,2026-03-03T17:07:53.879825Z
334,42304,"Hogan, James and Anderson",paid,GBP,1.04,0.21,1.25,2026-03-03T17:07:53.893829Z
332,42615,"Rice, Riley and Haynes",paid,GBP,23351.96,4670.39,28022.35,2026-03-03T17:07:53.895809Z
335,28946,Ingram PLC,paid,USD,2871.0,200.97,3071.97,2026-03-03T17:07:53.897633Z
336,10829,"Ferguson, Lee and Weaver",paid,USD,5174.0,362.18,5536.18,2026-03-03T17:07:53.926130Z
333,82723,Gomez-Bird,paid,USD,0.18,0.01,0.19,2026-03-03T17:07:53.951242Z
340,62428,"Davis, Rice and Marsh",confirmed,USD,0.78,0.05,0.83,2026-03-03T17:07:53.974573Z
338,24356,Ramirez-Crawford,invoiced,USD,1160.0,81.2,1241.2,2026-03-03T17:07:53.976293Z
337,36458,Combs-Ward,created,USD,1.61,0.11,1.72,2026-03-03T17:07:55.076836Z
342,25831,Silva Inc,paid,GBP,20336.0,4067.2,24403.2,2026-03-03T17:07:55.154852Z
347,55907,"Harrison, Oneal and Simpson",confirmed,USD,9207.0,644.49,9851.49,2026-03-03T17:07:55.171732Z
349,63714,"Patterson, Mcgee and Elliott",invoiced,GBP,1.03,0.21,1.24,2026-03-03T17:07:55.185076Z
344,59319,Garcia-Wu,created,EUR,5018.0,1003.6,6021.6,2026-03-03T17:07:55.190055Z
341,86324,Bradley-Hernandez,confirmed,USD,0.78,0.05,0.83,2026-03-03T17:07:55.202082Z
345,47375,Martin Group,created,EUR,1.23,0.25,1.48,2026-03-03T17:07:55.204352Z
343,34582,Hodges-Glass,confirmed,EUR,12784.9,2556.98,15341.88,2026-03-03T17:07:55.216193Z
346,83401,Franklin PLC,confirmed,EUR,696.0,139.2,835.2,2026-03-03T17:07:55.233469Z
348,51748,Clark Group,invoiced,USD,55131.0,3859.17,58990.17,2026-03-03T17:07:55.236975Z
350,57567,Morales Ltd,paid,EUR,7990.0,1598.0,9588.0,2026-03-03T17:07:56.296389Z
360,40225,Sanchez-Stanley,confirmed,GBP,800.19,160.04,960.23,2026-03-03T17:07:56.366012Z
359,22195,"Powell, Henry and Elliott",paid,EUR,1.03,0.21,1.24,2026-03-03T17:07:56.378277Z
351,89968,"Reed, Chandler and Flores",invoiced,USD,1015.18,71.06,1086.24,2026-03-03T17:07:56.386771Z
357,34122,Boyle-Brown,confirmed,GBP,203.8,40.76,244.56,2026-03-03T17:07:56.395369Z
353,22786,Bennett Ltd,created,USD,9803.72,686.26,10489.98,2026-03-03T17:07:56.397025Z
356,95184,Ruiz LLC,paid,USD,2178.0,152.46,2330.46,2026-03-03T17:07:56.400483Z
352,47270,Harmon Ltd,paid,GBP,1102.0,220.4,1322.4,2026-03-03T17:07:56.411119Z
355,30861,Jensen LLC,created,GBP,2.92,0.58,3.5,2026-03-03T17:07:56.434340Z
354,38033,Miller Inc,confirmed,GBP,39950.0,7990.0,47940.0,2026-03-03T17:07:56.458532Z
358,41411,Myers LLC,confirmed,GBP,609.0,121.8,730.8,2026-03-03T17:07:57.489577Z
368,72485,"Williams, Gonzalez and Fischer",invoiced,USD,26673.04,1867.11,28540.15,2026-03-03T17:07:57.563666Z
367,14523,"Holt, Freeman and Mccullough",paid,EUR,4062.61,812.52,4875.13,2026-03-03T17:07:57.572780Z
369,58022,Fry-Allen,created,EUR,754.16,150.83,904.99,2026-03-03T17:07:57.579761Z
364,10327,Jimenez Inc,confirmed,EUR,100.74,20.15,120.89,2026-03-03T17:07:57.609506Z
361,90661,Curry Group,confirmed,GBP,7363.18,1472.64,8835.82,2026-03-03T17:07:57.631042Z
366,19034,Sharp-Martinez,created,USD,7580.0,530.6,8110.6,2026-03-03T17:07:57.632962Z
370,26287,"Greer, Carrillo and Vargas",invoiced,GBP,1992.42,398.48,2390.9,2026-03-03T17:07:57.636455Z
365,98687,Bradshaw-Hines,paid,EUR,4853.75,970.75,5824.5,2026-03-03T17:07:57.643436Z
362,78755,"Bishop, Diaz and Sanchez",invoiced,USD,3.29,0.23,3.52,2026-03-03T17:07:57.647640Z
363,32289,Herrera LLC,invoiced,EUR,1508.13,301.63,1809.76,2026-03-03T17:07:59.741703Z
379,14090,Ryan LLC,created,EUR,0.09,0.02,0.11,2026-03-03T17:07:59.805327Z
375,40633,Wright-Kim,confirmed,USD,21935.94,1535.52,23471.46,2026-03-03T17:07:59.821656Z
374,53465,Higgins and Sons,paid,EUR,38353.4,7670.68,46024.08,2026-03-03T17:07:59.826479Z
371,50722,"Perry, Carr and Schmitt",paid,USD,38352.0,2684.64,41036.64,2026-03-03T17:07:59.831486Z
373,14461,Khan Ltd,confirmed,USD,39332.0,2753.24,42085.24,2026-03-03T17:07:59.863725Z
376,98117,"Cortez, Ruiz and Martin",invoiced,EUR,1.35,0.27,1.62,2026-03-03T17:07:59.865772Z
377,41543,"Davis, Oconnell and Miller",confirmed,GBP,3453.0,690.6,4143.6,2026-03-03T17:07:59.890718Z
380,27390,Casey-Russell,confirmed,USD,7761.99,543.34,8305.33,2026-03-03T17:07:59.896323Z
378,12979,Erickson-Haynes,created,GBP,37753.72,7550.74,45304.46,2026-03-03T17:08:00.961525Z
372,25363,"Zavala, Mcgee and Allen",invoiced,EUR,0.21,0.04,0.25,2026-03-03T17:08:02.049668Z
381,72834,Beltran-Johnson,created,GBP,5524.23,1104.85,6629.08,2026-03-03T17:08:02.117717Z
390,84367,"Davis, Hicks and Haas",invoiced,USD,9705.64,679.39,10385.03,2026-03-03T17:08:02.125198Z
385,18517,Foster-Parker,paid,GBP,12785.44,2557.09,15342.53,2026-03-03T17:08:02.129480Z
383,77658,"Powell, Hall and Rodriguez",created,USD,25568.84,1789.82,27358.66,2026-03-03T17:08:02.148775Z
382,17430,Taylor-Perez,confirmed,EUR,600.2,120.04,720.24,2026-03-03T17:08:02.151651Z
387,67697,Williams and Sons,confirmed,EUR,3.17,0.63,3.8,2026-03-03T17:08:02.183771Z
384,94478,Williams-Patel,confirmed,USD,0.78,0.05,0.83,2026-03-03T17:08:02.194464Z
388,58341,Cox-Meyers,invoiced,GBP,1276.18,255.24,1531.42,2026-03-03T17:08:02.201136Z
386,91521,Watts-Herrera,created,GBP,2462.0,492.4,2954.4,2026-03-03T17:08:02.203430Z
389,97671,"Bell, Bauer and Stephens",created,USD,76188.0,5333.16,81521.16,2026-03-03T17:08:03.302407Z
396,16615,Rios-Hawkins,created,EUR,3.74,0.75,4.49,2026-03-03T17:08:03.375551Z
400,50329,"King, Hess and Knight",invoiced,USD,0.27,0.02,0.29,2026-03-03T17:08:03.406578Z
399,14617,Dawson Inc,paid,GBP,2084.36,416.87,2501.23,2026-03-03T17:08:03.408326Z
394,41275,Bell and Sons,confirmed,USD,4800.0,336.0,5136.0,2026-03-03T17:08:03.421048Z
398,63151,Young-West,paid,EUR,14329.52,2865.9,17195.42,2026-03-03T17:08:03.424466Z
393,59007,Jackson-Smith,confirmed,EUR,24333.16,4866.63,29199.79,2026-03-03T17:08:03.426032Z
392,90645,Stevens-Trujillo,confirmed,GBP,0.16,0.03,0.19,2026-03-03T17:08:03.433693Z
397,25820,Foster Ltd,paid,GBP,1.1,0.22,1.32,2026-03-03T17:08:03.439631Z
395,58585,Smith-Martinez,confirmed,GBP,28262.41,5652.48,33914.89,2026-03-03T17:08:03.452266Z
391,74594,Haley Ltd,confirmed,USD,10669.0,746.83,11415.83,2026-03-03T17:08:03.455666Z
404,21461,Macdonald-Holmes,invoiced,GBP,2698.0,539.6,3237.6,2026-03-03T17:08:03.521234Z
402,74180,Benson Group,paid,USD,1277.8,89.45,1367.25,2026-03-03T17:08:03.523953Z
410,29278,"Blanchard, Smith and Murphy",invoiced,EUR,13583.85,2716.77,16300.62,2026-03-03T17:08:03.528214Z
401,75232,Patterson LLC,confirmed,EUR,4.86,0.97,5.83,2026-03-03T17:08:03.530245Z
409,77713,"Mendoza, Dunn and Barnes",invoiced,GBP,4577.0,915.4,5492.4,2026-03-03T17:08:03.538411Z
405,15705,Coffey Ltd,confirmed,GBP,175.77,35.15,210.92,2026-03-03T17:08:03.545107Z
406,65183,Bowers-Johnston,confirmed,GBP,4853.21,970.64,5823.85,2026-03-03T17:08:03.569135Z
407,96279,Calderon LLC,invoiced,EUR,3.36,0.67,4.03,2026-03-03T17:08:03.590312Z
403,42721,"Peterson, Mueller and Hurst",paid,GBP,0.04,0.01,0.05,2026-03-03T17:08:03.594208Z
408,67726,Mcmahon-Young,confirmed,EUR,2.15,0.43,2.58,2026-03-03T17:08:03.600575Z
418,52282,Rodriguez-Thomas,invoiced,USD,5593.0,391.51,5984.51,2026-03-03T17:08:03.685582Z
416,43238,Porter PLC,confirmed,USD,2192.36,153.47,2345.83,2026-03-03T17:08:03.703695Z
420,13452,"Harrington, Nelson and Davis",confirmed,EUR,5174.0,1034.8,6208.8,2026-03-03T17:08:03.710488Z
419,91827,"Sharp, Anderson and Campbell",created,EUR,4457.01,891.4,5348.41,2026-03-03T17:08:03.714717Z
413,93640,White-Dunn,paid,GBP,3.21,0.64,3.85,2026-03-03T17:08:03.722004Z
411,38374,Murphy PLC,confirmed,GBP,1044.0,208.8,1252.8,2026-03-03T17:08:03.728767Z
415,54461,Hogan and Sons,created,EUR,11985.62,2397.12,14382.74,2026-03-03T17:08:03.730753Z
412,47681,"Mccormick, Rodriguez and Gonzalez",created,USD,33.01,2.31,35.32,2026-03-03T17:08:03.732498Z
417,88315,"Miller, Garner and Mitchell",paid,USD,7990.13,559.31,8549.44,2026-03-03T17:08:03.734266Z
414,65363,Serrano-Lynch,invoiced,EUR,3663.4,732.68,4396.08,2026-03-03T17:08:03.735777Z
423,52338,Fernandez Ltd,paid,GBP,0.78,0.16,0.94,2026-03-03T17:08:03.797458Z
429,87923,Arellano LLC,confirmed,EUR,3.84,0.77,4.61,2026-03-03T17:08:03.834853Z
427,31452,"Ochoa, Pham and Williams",confirmed,EUR,0.98,0.2,1.18,2026-03-03T17:08:03.839308Z
426,31409,Cross-Bell,paid,USD,0.67,0.05,0.72,2026-03-03T17:08:03.841930Z
425,64921,Jackson Inc,invoiced,EUR,20905.16,4181.03,25086.19,2026-03-03T17:08:03.851057Z
428,43411,Schmidt Inc,invoiced,USD,3.82,0.27,4.09,2026-03-03T17:08:03.852927Z
422,60587,Smith-Bonilla,invoiced,GBP,19976.97,3995.39,23972.36,2026-03-03T17:08:03.856046Z
430,45644,"Taylor, Moore and Lewis",created,USD,7364.08,515.49,7879.57,2026-03-03T17:08:03.873238Z
421,95778,"Carr, Glenn and Snyder",invoiced,GBP,11528.0,2305.6,13833.6,2026-03-03T17:08:03.879933Z
424,83607,Pham-Robbins,confirmed,EUR,10139.69,2027.94,12167.63,2026-03-03T17:08:03.891545Z
440,26286,Flynn LLC,created,USD,1593.72,111.56,1705.28,2026-03-03T17:08:03.974038Z
431,48325,Middleton Inc,created,GBP,9141.25,1828.25,10969.5,2026-03-03T17:08:03.984044Z
434,57430,Meyer Group,confirmed,EUR,3573.0,714.6,4287.6,2026-03-03T17:08:04.003276Z
433,36100,"Crawford, Williams and Montgomery",paid,USD,3.08,0.22,3.3,2026-03-03T17:08:04.005450Z
436,60098,Osborne-Perez,confirmed,GBP,8955.66,1791.13,10746.79,2026-03-03T17:08:04.008074Z
432,86472,"Beck, Brown and Trujillo",paid,EUR,36754.18,7350.84,44105.02,2026-03-03T17:08:04.018506Z
437,79583,Garcia-Johnson,invoiced,GBP,30106.0,6021.2,36127.2,2026-03-03T17:08:04.024263Z
439,62929,Collins-Nelson,confirmed,GBP,33558.0,6711.6,40269.6,2026-03-03T17:08:04.026187Z
438,37270,"Johnston, Grimes and Yang",paid,EUR,0.92,0.18,1.1,2026-03-03T17:08:04.047184Z
435,35269,"Tucker, Collins and Cunningham",paid,USD,2587.76,181.14,2768.9,2026-03-03T17:08:04.049292Z
449,34967,Lee Group,invoiced,USD,9553.48,668.74,10222.22,2026-03-03T17:08:04.148927Z
441,33301,Benson-Austin,invoiced,GBP,7501.0,1500.2,9001.2,2026-03-03T17:08:04.150794Z
446,72514,"Fleming, Williamson and Lewis",created,GBP,29.41,5.88,35.29,2026-03-03T17:08:04.152413Z
444,50487,Smith-Washington,confirmed,GBP,4577.0,915.4,5492.4,2026-03-03T17:08:04.153884Z
447,63873,"Fox, Harper and Jenkins",paid,GBP,1.03,0.21,1.24,2026-03-03T17:08:04.156428Z
448,46749,Wilson LLC,confirmed,EUR,5750.0,1150.0,6900.0,2026-03-03T17:08:04.183660Z
450,22627,Arroyo-Roberson,created,USD,5049.1,353.44,5402.54,2026-03-03T17:08:04.186121Z
442,58025,Bishop-Delacruz,confirmed,EUR,1.45,0.29,1.74,2026-03-03T17:08:04.189683Z
443,26517,Fowler LLC,confirmed,USD,3663.0,256.41,3919.41,2026-03-03T17:08:05.216298Z
445,82197,Wright-Long,confirmed,GBP,19975.08,3995.02,23970.1,2026-03-03T17:08:05.236213Z
456,68905,Graham-Bauer,created,USD,1870.8,130.96,2001.76,2026-03-03T17:08:05.299892Z
460,49089,"Avila, Francis and Sanders",created,GBP,1189.21,237.84,1427.05,2026-03-03T17:08:05.312369Z
451,15295,"Anderson, Navarro and Williams",confirmed,USD,0.24,0.02,0.26,2026-03-03T17:08:05.325291Z
458,19342,"Schmidt, Jones and Joyce",paid,EUR,20696.0,4139.2,24835.2,2026-03-03T17:08:05.327083Z
457,33936,Arnold-Stevens,confirmed,USD,990.88,69.36,1060.24,2026-03-03T17:08:05.333827Z
452,54730,Douglas-Newton,paid,USD,13583.0,950.81,14533.81,2026-03-03T17:08:05.352776Z
453,41075,Ferguson-Wade,created,USD,609.0,42.63,651.63,2026-03-03T17:08:05.356643Z
454,49732,"Burgess, Pearson and Nguyen",invoiced,GBP,1.99,0.4,2.39,2026-03-03T17:08:05.359977Z
455,13281,Foley-Serrano,confirmed,EUR,1.19,0.24,1.43,2026-03-03T17:08:05.367781Z
459,95081,"Hernandez, Abbott and Smith",invoiced,USD,4654.32,325.8,4980.12,2026-03-03T17:08:05.374419Z
469,44804,Wade-Butler,confirmed,GBP,32937.31,6587.46,39524.77,2026-03-03T17:08:05.439111Z
463,36722,Spencer-Duran,confirmed,USD,16590.35,1161.32,17751.67,2026-03-03T17:08:05.443629Z
462,87683,"Jones, Cervantes and Hughes",invoiced,USD,3783.4,264.84,4048.24,2026-03-03T17:08:05.453607Z
470,15409,"Reed, Anderson and Nolan",invoiced,GBP,87.0,17.4,104.4,2026-03-03T17:08:05.458423Z
464,45641,Kelley PLC,created,GBP,5742.39,1148.48,6890.87,2026-03-03T17:08:05.497355Z
468,36863,Brown-Davis,paid,EUR,2475.01,495.0,2970.01,2026-03-03T17:08:05.499882Z
465,35123,Brown Ltd,invoiced,USD,26190.0,1833.3,28023.3,2026-03-03T17:08:05.501829Z
466,16921,Carter and Sons,created,EUR,7425.0,1485.0,8910.0,2026-03-03T17:08:05.504856Z
467,43092,Powell-Johnson,paid,GBP,4159.44,831.89,4991.33,2026-03-03T17:08:06.572375Z
461,51016,Hart PLC,invoiced,EUR,3387.59,677.52,4065.11,2026-03-03T17:08:06.605899Z
474,19125,Russell and Sons,confirmed,EUR,4646.92,929.38,5576.3,2026-03-03T17:08:06.691411Z
480,61491,"Sweeney, Carter and Beck",created,EUR,0.53,0.11,0.64,2026-03-03T17:08:06.693344Z
472,30264,Mcneil Group,paid,USD,1683.0,117.81,1800.81,2026-03-03T17:08:06.700273Z
477,90828,Villanueva-Turner,invoiced,EUR,41505.0,8301.0,49806.0,2026-03-03T17:08:06.709307Z
475,18497,Lara PLC,invoiced,EUR,261.0,52.2,313.2,2026-03-03T17:08:06.717346Z
473,54083,Brown-Watson,created,EUR,1260.0,252.0,1512.0,2026-03-03T17:08:06.719400Z
471,98857,Rios Ltd,invoiced,USD,5298.0,370.86,5668.86,2026-03-03T17:08:06.724839Z
478,52840,Wilson Inc,confirmed,EUR,58.62,11.72,70.34,2026-03-03T17:08:06.732022Z
476,75268,"Vargas, Maynard and Larson",confirmed,EUR,9751.23,1950.25,11701.48,2026-03-03T17:08:06.753078Z
479,64280,"Rice, Rice and Golden",invoiced,GBP,26165.0,5233.0,31398.0,2026-03-03T17:08:06.766325Z
482,78301,"Turner, Butler and Meyers",invoiced,GBP,9950.0,1990.0,11940.0,2026-03-03T17:08:06.836849Z
489,33551,"Reynolds, Beard and Hood",created,GBP,494.28,98.86,593.14,2026-03-03T17:08:06.845749Z
486,32601,Burns and Sons,invoiced,USD,24769.0,1733.83,26502.83,2026-03-03T17:08:06.853781Z
483,79429,"Morton, Edwards and Miller",invoiced,USD,4.0,0.28,4.28,2026-03-03T17:08:06.857803Z
481,98865,"Kennedy, Coleman and Taylor",created,GBP,13532.0,2706.4,16238.4,2026-03-03T17:08:06.876029Z
490,72063,"Wells, Hansen and Bond",confirmed,GBP,1573.0,314.6,1887.6,2026-03-03T17:08:06.880129Z
487,89028,Edwards-Donovan,confirmed,USD,4257.09,298.0,4555.09,2026-03-03T17:08:06.894842Z
488,24700,"Swanson, Koch and Fox",confirmed,USD,1392.0,97.44,1489.44,2026-03-03T17:08:06.898796Z
484,84960,Ramos Inc,invoiced,EUR,3366.53,673.31,4039.84,2026-03-03T17:08:06.904646Z
485,28343,Wolf Group,created,EUR,3762.37,752.47,4514.84,2026-03-03T17:08:06.920739Z
492,90694,Berg LLC,confirmed,GBP,23370.08,4674.02,28044.1,2026-03-03T17:08:06.980829Z
500,70503,"Lane, Scott and Avila",created,USD,9052.97,633.71,9686.68,2026-03-03T17:08:07.003066Z
493,43064,"Blackburn, Singleton and Willis",paid,GBP,0.94,0.19,1.13,2026-03-03T17:08:07.005221Z
497,44368,"Bernard, Whitaker and Cook",paid,USD,41313.0,2891.91,44204.91,2026-03-03T17:08:07.033056Z
498,73183,Carr-Wright,created,GBP,1856.0,371.2,2227.2,2026-03-03T17:08:07.060182Z
491,74960,Ruiz-Hines,paid,USD,17578.0,1230.46,18808.46,2026-03-03T17:08:07.065824Z
499,24904,Christensen Group,created,USD,0.41,0.03,0.44,2026-03-03T17:08:07.067598Z
495,99725,Lopez PLC,confirmed,EUR,783.0,156.6,939.6,2026-03-03T17:08:07.069138Z
494,92171,"Barker, Fields and Ware",confirmed,EUR,8235.71,1647.14,9882.85,2026-03-03T17:08:07.077195Z
496,69175,Martinez-Bauer,paid,GBP,786.17,157.23,943.4,2026-03-03T17:08:07.079890Z
507,73197,"Johnston, Thomas and Rios",confirmed,EUR,3862.01,772.4,4634.41,2026-03-03T17:08:07.159349Z
503,32408,Gomez and Sons,invoiced,USD,13333.0,933.31,14266.31,2026-03-03T17:08:07.167655Z
504,70675,"Richardson, Smith and Franco",confirmed,GBP,14349.11,2869.82,17218.93,2026-03-03T17:08:07.180496Z
506,74274,Reyes-Perry,invoiced,GBP,47071.0,9414.2,56485.2,2026-03-03T17:08:07.182522Z
501,93810,Fuller-Allen,created,USD,0.99,0.07,1.06,2026-03-03T17:08:07.188093Z
505,29609,Richard-Ramirez,confirmed,GBP,730.11,146.02,876.13,2026-03-03T17:08:07.193651Z
510,99729,"Mitchell, Barnes and Rodriguez",confirmed,EUR,198.97,39.79,238.76,2026-03-03T17:08:07.210555Z
502,76257,Jackson-Bell,created,USD,3487.48,244.12,3731.6,2026-03-03T17:08:07.230914Z
508,81017,"Barnes, Jones and Green",created,EUR,6237.0,1247.4,7484.4,2026-03-03T17:08:07.233015Z
509,65116,Pineda Ltd,confirmed,EUR,32045.1,6409.02,38454.12,2026-03-03T17:08:09.430300Z
513,12157,Anderson PLC,invoiced,GBP,0.3,0.06,0.36,2026-03-03T17:08:09.495561Z
518,58720,"Kelly, Armstrong and Palmer",created,EUR,12056.21,2411.24,14467.45,2026-03-03T17:08:09.499727Z
514,56943,Chen and Sons,confirmed,USD,5788.0,405.16,6193.16,2026-03-03T17:08:09.511982Z
519,89095,Johnson-Rivera,invoiced,USD,1.76,0.12,1.88,2026-03-03T17:08:09.520848Z
520,11781,Huynh Group,created,USD,33558.0,2349.06,35907.06,2026-03-03T17:08:09.535068Z
517,66613,"Odom, Powell and Gonzalez",confirmed,EUR,4852.09,970.42,5822.51,2026-03-03T17:08:09.543190Z
516,41203,"Norton, Cunningham and Serrano",confirmed,EUR,22461.24,4492.25,26953.49,2026-03-03T17:08:09.548264Z
511,24216,Martinez-Sanchez,created,GBP,1.8,0.36,2.16,2026-03-03T17:08:09.561295Z
512,12488,Thomas-Preston,invoiced,GBP,10390.6,2078.12,12468.72,2026-03-03T17:08:09.566401Z
515,31584,Frye-Hardin,confirmed,EUR,0.56,0.11,0.67,2026-03-03T17:08:09.589337Z
523,99642,"Zuniga, Ballard and Bennett",invoiced,GBP,265.58,53.12,318.7,2026-03-03T17:08:09.664851Z
524,39531,Ray Group,confirmed,EUR,7877.0,1575.4,9452.4,2026-03-03T17:08:09.678086Z
522,20045,Hughes PLC,created,USD,3762.44,263.37,4025.81,2026-03-03T17:08:09.699205Z
529,95212,Manning and Sons,created,USD,2389.15,167.24,2556.39,2026-03-03T17:08:09.700947Z
528,17434,"Torres, Salas and Freeman",confirmed,EUR,39151.32,7830.26,46981.58,2026-03-03T17:08:09.726915Z
527,66844,Rhodes-Nunez,paid,GBP,30363.36,6072.67,36436.03,2026-03-03T17:08:09.728809Z
530,53100,Francis PLC,confirmed,EUR,4653.0,930.6,5583.6,2026-03-03T17:08:10.794278Z
526,30143,Lopez LLC,confirmed,GBP,1706.03,341.21,2047.24,2026-03-03T17:08:10.813904Z
521,23086,Garrison LLC,paid,GBP,2204.15,440.83,2644.98,2026-03-03T17:08:10.882869Z
525,81511,Wells and Sons,created,USD,18759.0,1313.13,20072.13,2026-03-03T17:08:13.029198Z
534,65351,"Gonzalez, Black and Wright",invoiced,USD,1.77,0.12,1.89,2026-03-03T17:08:13.102479Z
538,45497,Williams-Ross,paid,GBP,6187.74,1237.55,7425.29,2026-03-03T17:08:13.105415Z
537,68224,Walker Group,created,USD,3564.0,249.48,3813.48,2026-03-03T17:08:13.112531Z
531,99491,Chaney Group,created,GBP,0.23,0.05,0.28,2026-03-03T17:08:13.129552Z
539,48871,Potter Ltd,created,EUR,9154.87,1830.97,10985.84,2026-03-03T17:08:13.136456Z
533,59493,Vazquez LLC,created,EUR,1197.85,239.57,1437.42,2026-03-03T17:08:13.151842Z
540,90368,"Barnett, Johnson and Flores",invoiced,GBP,1307.8,261.56,1569.36,2026-03-03T17:08:13.157363Z
532,37483,"Montgomery, Davis and Freeman",confirmed,EUR,0.74,0.15,0.89,2026-03-03T17:08:13.169295Z
535,28451,Myers-Fitzpatrick,confirmed,USD,26367.05,1845.69,28212.74,2026-03-03T17:08:13.172182Z
536,35064,"Patel, Grimes and Smith",invoiced,USD,1.76,0.12,1.88,2026-03-03T17:08:13.193674Z
548,14428,Wagner and Sons,created,GBP,1392.03,278.41,1670.44,2026-03-03T17:08:13.286755Z
545,38167,"Mcclain, Blackwell and Day",invoiced,USD,2179.19,152.54,2331.73,2026-03-03T17:08:13.310213Z
550,71858,Harris-Wood,invoiced,EUR,1584.0,316.8,1900.8,2026-03-03T17:08:13.316075Z
544,97231,Rodriguez-Carr,created,USD,8557.58,599.03,9156.61,2026-03-03T17:08:13.317933Z
541,57016,Mcdonald and Sons,invoiced,EUR,1693.28,338.66,2031.94,2026-03-03T17:08:13.319840Z
547,15944,Warner LLC,confirmed,EUR,39951.42,7990.28,47941.7,2026-03-03T17:08:13.324648Z
546,11857,Sanders-English,created,USD,1218.32,85.28,1303.6,2026-03-03T17:08:13.340454Z
542,72988,Martin and Sons,invoiced,GBP,10387.08,2077.42,12464.5,2026-03-03T17:08:14.360309Z
543,94141,Davis Ltd,confirmed,USD,5772.93,404.11,6177.04,2026-03-03T17:08:15.631138Z
549,94868,Harrison Ltd,paid,EUR,25568.0,5113.6,30681.6,2026-03-03T17:08:16.644924Z
557,13232,"Garcia, Grant and Schroeder",confirmed,GBP,6368.71,1273.74,7642.45,2026-03-03T17:08:16.724105Z
552,12782,"Jones, Mason and Potter",invoiced,USD,27166.0,1901.62,29067.62,2026-03-03T17:08:16.729418Z
551,77129,"Powers, Montoya and Smith",confirmed,EUR,1598.85,319.77,1918.62,2026-03-03T17:08:16.748917Z
554,77550,Thompson-Ward,confirmed,USD,4.18,0.29,4.47,2026-03-03T17:08:16.750592Z
560,93682,Alvarez Group,confirmed,EUR,800.39,160.08,960.47,2026-03-03T17:08:16.764783Z
555,35342,Martin-Hoffman,created,GBP,2673.14,534.63,3207.77,2026-03-03T17:08:16.766902Z
556,71967,Lutz PLC,created,USD,16645.0,1165.15,17810.15,2026-03-03T17:08:16.776433Z
559,12034,"Mckee, Salinas and Riddle",created,GBP,551.0,110.2,661.2,2026-03-03T17:08:16.778478Z
558,60674,Gardner-Stone,invoiced,EUR,4357.48,871.5,5228.98,2026-03-03T17:08:16.786561Z
553,71845,Gibson Group,paid,USD,2775.2,194.26,2969.46,2026-03-03T17:08:16.800584Z
562,58451,"Melton, Khan and Wilson",paid,EUR,348.72,69.74,418.46,2026-03-03T17:08:16.870162Z
570,19993,Smith Inc,created,EUR,3187.36,637.47,3824.83,2026-03-03T17:08:16.873285Z
568,23370,Medina Group,confirmed,GBP,398.0,79.6,477.6,2026-03-03T17:08:16.875111Z
566,73644,"Dorsey, Parker and Travis",created,GBP,1047.2,209.44,1256.64,2026-03-03T17:08:16.877777Z
563,78418,"Booth, Turner and Smith",invoiced,EUR,1828.52,365.7,2194.22,2026-03-03T17:08:16.887739Z
567,28644,Alvarez-Boyer,created,USD,1161.64,81.31,1242.95,2026-03-03T17:08:16.905326Z
564,48184,Haynes Inc,confirmed,GBP,1791.0,358.2,2149.2,2026-03-03T17:08:16.920365Z
561,87669,"Gonzalez, Castro and Gonzalez",invoiced,GBP,0.78,0.16,0.94,2026-03-03T17:08:16.939506Z
569,91155,"Brown, Brown and Baker",confirmed,EUR,4794.89,958.98,5753.87,2026-03-03T17:08:17.989187Z
565,93162,Lang-Downs,confirmed,EUR,0.08,0.02,0.1,2026-03-03T17:08:18.049026Z
572,37953,Stark-Hill,paid,EUR,841.0,168.2,1009.2,2026-03-03T17:08:18.114308Z
571,30002,Delacruz-Montgomery,confirmed,EUR,3.73,0.75,4.48,2026-03-03T17:08:18.159172Z
579,51425,Colon-Bowen,created,EUR,7839.69,1567.94,9407.63,2026-03-03T17:08:18.162126Z
577,61331,Miles-Peterson,created,USD,986.0,69.02,1055.02,2026-03-03T17:08:18.163856Z
573,95317,Bender-Brown,confirmed,GBP,5.05,1.01,6.06,2026-03-03T17:08:18.165515Z
574,50791,"Dunn, Garcia and Hall",invoiced,USD,3.58,0.25,3.83,2026-03-03T17:08:18.181449Z
575,49964,"Durham, Trujillo and Pennington",invoiced,USD,1386.0,97.02,1483.02,2026-03-03T17:08:18.183036Z
580,78639,"Phillips, Guerra and Faulkner",paid,USD,4356.74,304.97,4661.71,2026-03-03T17:08:18.187052Z
576,87018,Gonzalez-Watkins,created,EUR,2579.64,515.93,3095.57,2026-03-03T17:08:18.199258Z
578,48042,Lambert Ltd,invoiced,USD,0.22,0.02,0.24,2026-03-03T17:08:19.237847Z
587,52672,Pearson PLC,confirmed,USD,580.0,40.6,620.6,2026-03-03T17:08:19.333460Z
581,10906,Mitchell Group,paid,USD,0.08,0.01,0.09,2026-03-03T17:08:19.339086Z
584,88071,"King, Jones and Phillips",confirmed,USD,1.0,0.07,1.07,2026-03-03T17:08:19.342338Z
590,13291,Ryan Group,confirmed,EUR,6741.27,1348.25,8089.52,2026-03-03T17:08:19.344267Z
583,80512,Roberts and Sons,paid,EUR,25354.04,5070.81,30424.85,2026-03-03T17:08:19.348023Z
586,45869,Wolf PLC,created,USD,13583.0,950.81,14533.81,2026-03-03T17:08:19.349494Z
582,36855,"Ewing, Randall and Greer",invoiced,EUR,0.6,0.12,0.72,2026-03-03T17:08:19.378927Z
589,25816,Schneider-Roberts,paid,GBP,30364.86,6072.97,36437.83,2026-03-03T17:08:19.383185Z
588,62669,Robinson-Meadows,confirmed,GBP,3074.36,614.87,3689.23,2026-03-03T17:08:19.396237Z
585,18181,Cortez and Sons,paid,EUR,29565.0,5913.0,35478.0,2026-03-03T17:08:21.545828Z
598,23038,"Quinn, Holmes and Conley",confirmed,GBP,0.21,0.04,0.25,2026-03-03T17:08:21.616323Z
599,14353,Martinez-Hamilton,invoiced,GBP,41138.85,8227.77,49366.62,2026-03-03T17:08:21.629164Z
595,56613,Day-Simon,invoiced,EUR,870.78,174.16,1044.94,2026-03-03T17:08:21.633434Z
597,23307,Scott Inc,confirmed,EUR,21955.0,4391.0,26346.0,2026-03-03T17:08:21.639194Z
594,26484,Vega-Lee,confirmed,USD,1.16,0.08,1.24,2026-03-03T17:08:21.647122Z
593,51341,Cooper-Glover,confirmed,USD,0.32,0.02,0.34,2026-03-03T17:08:21.660007Z
592,19519,Duffy-Martin,paid,USD,435.25,30.47,465.72,2026-03-03T17:08:21.662361Z
596,62988,Pennington and Sons,invoiced,USD,1.36,0.1,1.46,2026-03-03T17:08:21.701898Z
600,44680,Chen-Hernandez,confirmed,EUR,22372.0,4474.4,26846.4,2026-03-03T17:08:21.703772Z
591,81917,Hunter-Ramos,confirmed,GBP,0.74,0.15,0.89,2026-03-03T17:08:22.724923Z
601,35253,"Bradley, Navarro and Rodriguez",confirmed,GBP,3267.97,653.59,3921.56,2026-03-03T17:08:22.793066Z
604,18403,Pruitt LLC,invoiced,GBP,27965.0,5593.0,33558.0,2026-03-03T17:08:22.795660Z
610,68303,Parker-Ewing,invoiced,USD,13608.0,952.56,14560.56,2026-03-03T17:08:22.807143Z
608,27212,"Dyer, Mccarthy and Washington",paid,USD,4950.57,346.54,5297.11,2026-03-03T17:08:22.810020Z
606,17392,Wade-Keller,invoiced,EUR,234.24,46.85,281.09,2026-03-03T17:08:22.812645Z
607,20252,Anderson Inc,created,USD,2277.04,159.39,2436.43,2026-03-03T17:08:22.823705Z
605,32573,"Morse, Payne and Garcia",paid,GBP,398.0,79.6,477.6,2026-03-03T17:08:22.826456Z
603,31600,"Carroll, Griffin and Lane",created,EUR,9751.71,1950.34,11702.05,2026-03-03T17:08:22.839084Z
609,92562,"Parker, Thompson and Holland",paid,GBP,20174.44,4034.89,24209.33,2026-03-03T17:08:22.848847Z
602,62596,Cook Ltd,invoiced,EUR,0.8,0.16,0.96,2026-03-03T17:08:22.881952Z
613,46338,French PLC,paid,USD,0.92,0.06,0.98,2026-03-03T17:08:22.942462Z
619,76690,Singh Group,confirmed,USD,3069.0,214.83,3283.83,2026-03-03T17:08:22.962016Z
618,70260,"Vance, Alexander and Edwards",invoiced,GBP,6169.0,1233.8,7402.8,2026-03-03T17:08:22.964354Z
616,13497,"West, Montoya and White",paid,GBP,870.0,174.0,1044.0,2026-03-03T17:08:22.974730Z
611,81255,Soto-Ashley,invoiced,GBP,24935.17,4987.03,29922.2,2026-03-03T17:08:22.987278Z
615,40287,Jones-Douglas,created,USD,2189.0,153.23,2342.23,2026-03-03T17:08:23.016138Z
617,72079,Salas-Flores,paid,EUR,1194.0,238.8,1432.8,2026-03-03T17:08:23.019108Z
612,39506,Ayala PLC,created,GBP,6968.76,1393.75,8362.51,2026-03-03T17:08:23.033264Z
620,39283,Romero-Franklin,paid,USD,27556.04,1928.92,29484.96,2026-03-03T17:08:23.036214Z
614,43272,Morrison and Sons,confirmed,EUR,24769.3,4953.86,29723.16,2026-03-03T17:08:23.038178Z
630,69668,Middleton Inc,paid,USD,6715.0,470.05,7185.05,2026-03-03T17:08:23.099295Z
628,62088,Pierce Ltd,invoiced,GBP,4.42,0.88,5.3,2026-03-03T17:08:23.112353Z
621,51195,"Hanson, Howard and Pitts",invoiced,USD,35157.71,2461.04,37618.75,2026-03-03T17:08:23.140564Z
627,42883,"Matthews, Martinez and Smith",created,GBP,0.76,0.15,0.91,2026-03-03T17:08:23.149796Z
623,15930,Jackson-Brown,created,GBP,0.32,0.06,0.38,2026-03-03T17:08:23.172916Z
624,34798,Sanchez LLC,created,GBP,3874.0,774.8,4648.8,2026-03-03T17:08:23.176987Z
629,17075,Burns-Frost,invoiced,EUR,1.89,0.38,2.27,2026-03-03T17:08:23.178466Z
626,57903,Walker Ltd,invoiced,GBP,15479.72,3095.94,18575.66,2026-03-03T17:08:23.179799Z
622,48745,Pollard Group,paid,USD,9048.0,633.36,9681.36,2026-03-03T17:08:24.208942Z
625,63591,George-Velazquez,created,GBP,4851.01,970.2,5821.21,2026-03-03T17:08:24.243514Z
639,90515,Sutton-Thomas,created,GBP,18377.0,3675.4,22052.4,2026-03-03T17:08:24.308176Z
636,36188,Thompson PLC,paid,EUR,15980.32,3196.06,19176.38,2026-03-03T17:08:24.317136Z
634,26742,Banks Inc,confirmed,EUR,5373.24,1074.65,6447.89,2026-03-03T17:08:24.319675Z
631,47120,Bradford-Thompson,confirmed,GBP,3905.0,781.0,4686.0,2026-03-03T17:08:24.331814Z
640,12375,"Bryant, Brown and Wolf",invoiced,USD,3.69,0.26,3.95,2026-03-03T17:08:24.336813Z
637,74363,Adams and Sons,paid,GBP,522.0,104.4,626.4,2026-03-03T17:08:24.367042Z
638,92719,Kennedy LLC,paid,EUR,0.04,0.01,0.05,2026-03-03T17:08:24.393934Z
633,15828,Mooney-Monroe,invoiced,USD,0.37,0.03,0.4,2026-03-03T17:08:24.399125Z
632,58125,Arroyo Inc,paid,EUR,2079.0,415.8,2494.8,2026-03-03T17:08:25.406153Z
635,55298,Strickland-Matthews,created,USD,1073.53,75.15,1148.68,2026-03-03T17:08:25.507315Z
650,51144,"Sutton, Beard and Cole",paid,GBP,398.0,79.6,477.6,2026-03-03T17:08:25.573075Z
644,73649,Reynolds-Rodriguez,created,GBP,4087.6,817.52,4905.12,2026-03-03T17:08:25.577217Z
647,96321,"Reed, Jones and Reyes",created,USD,5248.13,367.37,5615.5,2026-03-03T17:08:25.580364Z
649,57021,Kelly PLC,invoiced,EUR,9610.0,1922.0,11532.0,2026-03-03T17:08:25.599486Z
645,35842,"Hernandez, Parsons and Campbell",created,USD,1.84,0.13,1.97,2026-03-03T17:08:25.604653Z
641,60102,Silva Group,created,GBP,15920.26,3184.05,19104.31,2026-03-03T17:08:25.607116Z
642,96567,Grimes-Wagner,paid,USD,290.0,20.3,310.3,2026-03-03T17:08:25.626594Z
648,94148,Duncan PLC,invoiced,USD,2.63,0.18,2.81,2026-03-03T17:08:25.640039Z
646,85061,"French, Simon and Gilbert",confirmed,GBP,1276.09,255.22,1531.31,2026-03-03T17:08:25.649558Z
643,82170,Gallagher-Peterson,paid,GBP,3861.66,772.33,4633.99,2026-03-03T17:08:26.751342Z
658,30037,Brown-Stone,confirmed,GBP,901.48,180.3,1081.78,2026-03-03T17:08:26.843126Z
656,97242,"Jennings, Duncan and Williams",created,EUR,55131.0,11026.2,66157.2,2026-03-03T17:08:26.845601Z
659,48296,Lee-Malone,paid,EUR,30638.87,6127.77,36766.64,2026-03-03T17:08:26.853798Z
651,15724,"Anderson, Johnson and Holt",created,USD,9075.41,635.28,9710.69,2026-03-03T17:08:26.878871Z
655,14756,Mitchell Inc,confirmed,USD,4950.0,346.5,5296.5,2026-03-03T17:08:26.885740Z
653,74661,"Jackson, Camacho and Ramos",paid,GBP,0.45,0.09,0.54,2026-03-03T17:08:26.896304Z
660,12114,"Davidson, Gray and Rivers",invoiced,USD,0.34,0.02,0.36,2026-03-03T17:08:26.899189Z
657,88005,Mccormick-Stewart,confirmed,GBP,6930.0,1386.0,8316.0,2026-03-03T17:08:26.901716Z
652,28858,"Lane, Schmidt and Allison",created,USD,290.0,20.3,310.3,2026-03-03T17:08:26.910114Z
654,96487,"Cruz, Edwards and Fields",created,EUR,3.16,0.63,3.79,2026-03-03T17:08:28.034237Z
661,32905,Collins-Miller,confirmed,GBP,2772.69,554.54,3327.23,2026-03-03T17:08:28.108693Z
670,84047,Mclaughlin-Gutierrez,paid,EUR,30850.0,6170.0,37020.0,2026-03-03T17:08:28.116889Z
665,78321,"Perez, Wallace and Perez",created,EUR,1.68,0.34,2.02,2026-03-03T17:08:28.145296Z
663,90547,Ramos Ltd,created,EUR,32427.2,6485.44,38912.64,2026-03-03T17:08:28.148583Z
668,70558,Smith and Sons,created,GBP,6567.0,1313.4,7880.4,2026-03-03T17:08:28.150125Z
664,77433,Mahoney-Garner,invoiced,EUR,783.0,156.6,939.6,2026-03-03T17:08:28.159966Z
669,49566,"Meyer, Schneider and Turner",invoiced,GBP,2376.0,475.2,2851.2,2026-03-03T17:08:28.168387Z
662,93177,Johnson LLC,paid,GBP,6169.0,1233.8,7402.8,2026-03-03T17:08:28.169983Z
667,23523,"Hamilton, Butler and Collins",invoiced,GBP,20389.0,4077.8,24466.8,2026-03-03T17:08:28.192040Z
666,69784,Hamilton-Mason,invoiced,USD,899.61,62.97,962.58,2026-03-03T17:08:29.287275Z
671,87003,Wall Ltd,invoiced,EUR,8179.4,1635.88,9815.28,2026-03-03T17:08:29.353191Z
679,95617,"Schmidt, Hughes and Gomez",paid,GBP,0.97,0.19,1.16,2026-03-03T17:08:29.355232Z
672,12332,Lewis and Sons,paid,GBP,6048.0,1209.6,7257.6,2026-03-03T17:08:29.388379Z
674,63199,Miller and Sons,confirmed,USD,24953.0,1746.71,26699.71,2026-03-03T17:08:29.396445Z
677,92493,Schneider Ltd,confirmed,GBP,2673.0,534.6,3207.6,2026-03-03T17:08:29.400587Z
680,90278,York-Anderson,invoiced,USD,1194.0,83.58,1277.58,2026-03-03T17:08:29.414129Z
678,24385,Smith-Fuentes,confirmed,USD,19176.0,1342.32,20518.32,2026-03-03T17:08:29.419673Z
673,79432,Griffin-Lopez,invoiced,USD,145.0,10.15,155.15,2026-03-03T17:08:29.434582Z
675,37071,Sullivan-Avery,confirmed,GBP,24761.56,4952.31,29713.87,2026-03-03T17:08:29.440589Z
676,13936,"Dean, Francis and Kelley",confirmed,EUR,754.78,150.96,905.74,2026-03-03T17:08:29.443277Z
686,78881,"Carter, Carter and Franco",created,EUR,4776.0,955.2,5731.2,2026-03-03T17:08:29.515265Z
683,62098,Ramirez and Sons,created,GBP,2189.11,437.82,2626.93,2026-03-03T17:08:29.540388Z
688,45107,Montes-Wright,confirmed,USD,2376.9,166.38,2543.28,2026-03-03T17:08:29.546972Z
687,63164,Carson Group,created,GBP,2379.51,475.9,2855.41,2026-03-03T17:08:29.552104Z
685,49003,Sanchez LLC,paid,USD,17580.16,1230.61,18810.77,2026-03-03T17:08:29.554932Z
684,60849,"Munoz, Galvan and Ryan",invoiced,USD,0.41,0.03,0.44,2026-03-03T17:08:29.563948Z
681,64237,"Stewart, Lowery and Osborne",created,EUR,6368.18,1273.64,7641.82,2026-03-03T17:08:29.576007Z
690,52797,"Ford, White and Cortez",invoiced,EUR,2182.12,436.42,2618.54,2026-03-03T17:08:29.596752Z
682,79329,Gonzalez Inc,paid,USD,0.52,0.04,0.56,2026-03-03T17:08:29.601553Z
689,89752,Shields Inc,created,EUR,39547.25,7909.45,47456.7,2026-03-03T17:08:30.628122Z
692,13108,"Giles, Anderson and Gibson",created,EUR,4852.08,970.42,5822.5,2026-03-03T17:08:30.694523Z
695,53440,"Sanchez, Atkins and Kelley",paid,EUR,0.37,0.07,0.44,2026-03-03T17:08:30.708281Z
700,31786,West and Sons,paid,EUR,1074.27,214.85,1289.12,2026-03-03T17:08:30.727568Z
691,29672,Garcia LLC,invoiced,USD,0.33,0.02,0.35,2026-03-03T17:08:30.738134Z
696,31980,Hogan Ltd,created,USD,1.46,0.1,1.56,2026-03-03T17:08:30.763667Z
697,27928,"Brown, Mejia and Fuentes",invoiced,USD,21835.0,1528.45,23363.45,2026-03-03T17:08:30.766366Z
699,58107,Pruitt Ltd,created,USD,6055.52,423.89,6479.41,2026-03-03T17:08:30.778302Z
698,57386,Rangel-Gonzales,confirmed,EUR,1.09,0.22,1.31,2026-03-03T17:08:30.783383Z
694,71670,Townsend-Garcia,created,GBP,0.53,0.11,0.64,2026-03-03T17:08:30.785207Z
693,73151,Perkins LLC,confirmed,GBP,0.22,0.04,0.26,2026-03-03T17:08:31.817453Z
704,91609,Robbins-Knight,confirmed,GBP,1334.17,266.83,1601.0,2026-03-03T17:08:31.886352Z
707,12312,"Chen, Rogers and Goodman",created,EUR,594.82,118.96,713.78,2026-03-03T17:08:31.912226Z
709,80013,"Adams, Wright and Jackson",invoiced,USD,396.0,27.72,423.72,2026-03-03T17:08:31.925334Z
708,26306,"Decker, Newman and Carter",invoiced,USD,1.76,0.12,1.88,2026-03-03T17:08:31.931590Z
703,16570,Moore-Bonilla,paid,GBP,5169.0,1033.8,6202.8,2026-03-03T17:08:31.940271Z
710,59883,"Hawkins, Vazquez and Gonzales",created,GBP,594.0,118.8,712.8,2026-03-03T17:08:31.944523Z
702,24180,Johnson LLC,confirmed,GBP,0.49,0.1,0.59,2026-03-03T17:08:31.958971Z
705,44004,Phillips Ltd,paid,GBP,596.32,119.26,715.58,2026-03-03T17:08:31.962037Z
706,91869,Alvarado-Moss,created,USD,9048.6,633.4,9682.0,2026-03-03T17:08:31.967069Z
701,46645,Garcia-Buchanan,created,EUR,398.55,79.71,478.26,2026-03-03T17:08:31.976923Z
715,77260,Hernandez and Sons,created,GBP,0.12,0.02,0.14,2026-03-03T17:08:32.041150Z
713,61131,"Mitchell, Mendoza and Powell",created,USD,4577.0,320.39,4897.39,2026-03-03T17:08:32.046531Z
711,90576,Long-Coleman,confirmed,USD,0.57,0.04,0.61,2026-03-03T17:08:32.069198Z
718,44113,"Walker, Washington and Anderson",invoiced,GBP,319.0,63.8,382.8,2026-03-03T17:08:32.086437Z
712,48209,"Porter, Miller and Simmons",confirmed,EUR,5771.0,1154.2,6925.2,2026-03-03T17:08:32.091509Z
719,46227,"Rodriguez, White and Campbell",confirmed,USD,0.6,0.04,0.64,2026-03-03T17:08:32.101458Z
717,41216,"Hernandez, Carrillo and Perez",confirmed,EUR,1598.0,319.6,1917.6,2026-03-03T17:08:32.103195Z
716,31440,Harmon-Wright,invoiced,EUR,3996.92,799.38,4796.3,2026-03-03T17:08:32.113358Z
714,25347,Lynn Inc,paid,USD,9950.0,696.5,10646.5,2026-03-03T17:08:32.119792Z
720,30372,Adkins Group,paid,GBP,31435.04,6287.01,37722.05,2026-03-03T17:08:32.135844Z
725,21207,Williams-Spencer,confirmed,USD,21731.0,1521.17,23252.17,2026-03-03T17:08:32.198011Z
726,44515,Mullen-Ortiz,paid,GBP,9633.0,1926.6,11559.6,2026-03-03T17:08:32.208681Z
728,15323,Foley-Dawson,created,EUR,3169.06,633.81,3802.87,2026-03-03T17:08:32.224123Z
721,30103,"Gutierrez, Hodges and Cooper",created,EUR,1131.0,226.2,1357.2,2026-03-03T17:08:32.230258Z
724,48074,Love Ltd,invoiced,USD,792.0,55.44,847.44,2026-03-03T17:08:32.269786Z
729,52896,Lane-Davis,confirmed,USD,992.64,69.48,1062.12,2026-03-03T17:08:32.281659Z
730,49749,Williamson PLC,created,EUR,6567.0,1313.4,7880.4,2026-03-03T17:08:32.283258Z
722,90006,"Hernandez, Torres and Patel",confirmed,GBP,1.01,0.2,1.21,2026-03-03T17:08:32.288054Z
727,79196,Stone Ltd,created,USD,726.93,50.89,777.82,2026-03-03T17:08:32.291228Z
723,81119,Harris and Sons,confirmed,GBP,37553.0,7510.6,45063.6,2026-03-03T17:08:33.340255Z
732,96803,Gates Ltd,created,EUR,1.11,0.22,1.33,2026-03-03T17:08:33.410182Z
737,10364,"Lopez, Lopez and Lee",created,EUR,8792.61,1758.52,10551.13,2026-03-03T17:08:33.416784Z
739,35534,"Holt, Mendoza and Lopez",created,GBP,4653.27,930.65,5583.92,2026-03-03T17:08:33.442532Z
733,64643,"Hayes, Saunders and Hernandez",created,USD,5175.91,362.31,5538.22,2026-03-03T17:08:33.457030Z
740,85342,Wilkinson LLC,created,GBP,4378.0,875.6,5253.6,2026-03-03T17:08:33.466463Z
731,19096,"Herrera, Olsen and Garcia",confirmed,EUR,3980.15,796.03,4776.18,2026-03-03T17:08:33.472490Z
734,99142,French-Pennington,paid,EUR,667.0,133.4,800.4,2026-03-03T17:08:33.477287Z
735,65805,Johnson Group,invoiced,EUR,3566.21,713.24,4279.45,2026-03-03T17:08:33.478980Z
738,31468,Scott and Sons,created,USD,1.6,0.11,1.71,2026-03-03T17:08:33.488893Z
736,43160,Jones Group,paid,USD,1682.57,117.78,1800.35,2026-03-03T17:08:33.490522Z
749,69757,"Davenport, Fischer and Jackson",invoiced,EUR,0.25,0.05,0.3,2026-03-03T17:08:33.550358Z
746,65547,"Moore, Gibbs and Cunningham",invoiced,EUR,3492.22,698.44,4190.66,2026-03-03T17:08:33.553066Z
750,52822,Taylor-Allen,paid,USD,814.79,57.04,871.83,2026-03-03T17:08:33.565355Z
743,47229,"Proctor, Johnson and Coleman",confirmed,USD,1189.0,83.23,1272.23,2026-03-03T17:08:33.569575Z
748,19369,Herring LLC,confirmed,EUR,9032.48,1806.5,10838.98,2026-03-03T17:08:33.579593Z
745,38912,"Contreras, Richardson and Whitehead",paid,EUR,2478.67,495.73,2974.4,2026-03-03T17:08:33.581210Z
742,64408,Taylor-Aguilar,invoiced,GBP,1980.8,396.16,2376.96,2026-03-03T17:08:33.597421Z
741,38945,"Hardy, Smith and Fisher",invoiced,GBP,36754.0,7350.8,44104.8,2026-03-03T17:08:33.599124Z
744,50497,"Roth, Meyer and Guerra",confirmed,GBP,25568.3,5113.66,30681.96,2026-03-03T17:08:33.601182Z
747,49128,"Wilson, West and Roberts",paid,EUR,13556.99,2711.4,16268.39,2026-03-03T17:08:33.628161Z
757,61955,"Lopez, Lee and Cervantes",confirmed,USD,34357.0,2404.99,36761.99,2026-03-03T17:08:33.742826Z
753,57824,Hendricks LLC,invoiced,USD,0.02,0.0,0.02,2026-03-03T17:08:33.745250Z
754,33511,"Jimenez, Taylor and Henson",paid,EUR,551.11,110.22,661.33,2026-03-03T17:08:33.750524Z
759,17739,"Jones, Velazquez and Logan",invoiced,GBP,870.0,174.0,1044.0,2026-03-03T17:08:33.753303Z
751,78157,Davies LLC,confirmed,USD,0.04,0.0,0.04,2026-03-03T17:08:33.759201Z
758,53421,Cervantes PLC,invoiced,USD,398.79,27.92,426.71,2026-03-03T17:08:33.764021Z
755,78326,Cook-Brown,confirmed,GBP,9953.28,1990.66,11943.94,2026-03-03T17:08:33.772002Z
752,77690,"Johnson, Kent and Long",created,EUR,145.0,29.0,174.0,2026-03-03T17:08:33.788944Z
756,70187,Williamson-Franklin,invoiced,USD,1.14,0.08,1.22,2026-03-03T17:08:34.767205Z
760,27586,Atkins Inc,invoiced,USD,0.04,0.0,0.04,2026-03-03T17:08:34.783944Z
762,93240,Zavala-Price,created,GBP,14728.32,2945.66,17673.98,2026-03-03T17:08:34.850399Z
766,46492,Bailey LLC,confirmed,GBP,1.71,0.34,2.05,2026-03-03T17:08:34.857014Z
765,14389,Sanchez-Hill,created,GBP,0.16,0.03,0.19,2026-03-03T17:08:34.866066Z
769,11502,Bishop Inc,paid,GBP,30929.0,6185.8,37114.8,2026-03-03T17:08:34.891660Z
764,97588,Jones Group,invoiced,EUR,19334.19,3866.84,23201.03,2026-03-03T17:08:34.905420Z
770,59961,Meadows Group,paid,GBP,3.6,0.72,4.32,2026-03-03T17:08:34.921972Z
768,21464,Bryant-Mosley,invoiced,GBP,1305.96,261.19,1567.15,2026-03-03T17:08:34.944710Z
767,24063,Soto and Sons,created,USD,1363.0,95.41,1458.41,2026-03-03T17:08:34.946373Z
763,91371,Waller Inc,paid,GBP,1743.76,348.75,2092.51,2026-03-03T17:08:35.934587Z
761,39496,"Norman, Walker and Scott",created,USD,174.0,12.18,186.18,2026-03-03T17:08:35.954191Z
773,32537,Powers-Klein,invoiced,GBP,4456.04,891.21,5347.25,2026-03-03T17:08:36.032160Z
775,73741,Ibarra Ltd,invoiced,USD,1365.23,95.57,1460.8,2026-03-03T17:08:36.039103Z
778,15576,Anderson-Mora,confirmed,EUR,1.6,0.32,1.92,2026-03-03T17:08:36.055531Z
772,23700,"Rivera, Williams and Thomas",paid,EUR,0.78,0.16,0.94,2026-03-03T17:08:36.057296Z
771,59192,Thompson Group,confirmed,EUR,5174.53,1034.91,6209.44,2026-03-03T17:08:36.064050Z
774,49547,Wilson PLC,created,USD,6.48,0.45,6.93,2026-03-03T17:08:36.065871Z
777,40059,Griffin-Richardson,invoiced,EUR,4951.56,990.31,5941.87,2026-03-03T17:08:36.068762Z
776,69047,"Luna, Kim and Kennedy",paid,EUR,377.0,75.4,452.4,2026-03-03T17:08:36.084889Z
780,36435,"Roman, Copeland and Schmitt",invoiced,GBP,18380.24,3676.05,22056.29,2026-03-03T17:08:36.098058Z
779,83810,"Trujillo, Thompson and Huffman",created,GBP,1218.13,243.63,1461.76,2026-03-03T17:08:37.203350Z
786,58521,Klein Ltd,paid,GBP,2.4,0.48,2.88,2026-03-03T17:08:37.273737Z
781,38013,Morales LLC,paid,EUR,16645.71,3329.14,19974.85,2026-03-03T17:08:37.284662Z
788,86895,Peck-Smith,created,USD,3960.0,277.2,4237.2,2026-03-03T17:08:37.286863Z
790,93824,"Roberts, Reese and Freeman",invoiced,GBP,1394.07,278.81,1672.88,2026-03-03T17:08:37.289011Z
785,77541,Barrera Group,confirmed,GBP,2578.0,515.6,3093.6,2026-03-03T17:08:37.327169Z
783,82024,"Brennan, Gonzalez and Powell",paid,USD,19305.4,1351.38,20656.78,2026-03-03T17:08:37.344071Z
784,66729,"Johnson, Wright and Torres",confirmed,GBP,35955.0,7191.0,43146.0,2026-03-03T17:08:37.348122Z
782,97701,King PLC,created,EUR,4577.0,915.4,5492.4,2026-03-03T17:08:37.358080Z
789,72739,"Little, Henry and Myers",paid,USD,4.43,0.31,4.74,2026-03-03T17:08:37.365016Z
787,50156,Chen-Hernandez,invoiced,EUR,1.97,0.39,2.36,2026-03-03T17:08:38.361440Z
797,88018,Martinez-Mendoza,confirmed,GBP,0.96,0.19,1.15,2026-03-03T17:08:38.440594Z
791,98526,Wheeler and Sons,created,EUR,4478.15,895.63,5373.78,2026-03-03T17:08:38.456297Z
795,62531,Simpson-Phillips,paid,USD,999.76,69.98,1069.74,2026-03-03T17:08:38.470304Z
796,83550,Olson-Williamson,paid,USD,1991.17,139.38,2130.55,2026-03-03T17:08:38.472448Z
799,34963,"Gray, Smith and White",created,EUR,1.03,0.21,1.24,2026-03-03T17:08:38.478831Z
800,97996,Dodson-Williams,paid,EUR,5374.09,1074.82,6448.91,2026-03-03T17:08:38.481744Z
792,84905,"Deleon, Choi and Hicks",confirmed,GBP,62322.1,12464.42,74786.52,2026-03-03T17:08:38.495233Z
798,63932,Patterson-Russell,invoiced,EUR,694.12,138.82,832.94,2026-03-03T17:08:38.516108Z
794,50325,Boyd LLC,paid,GBP,992.21,198.44,1190.65,2026-03-03T17:08:38.517732Z
793,90297,"Adams, Patel and Horton",paid,GBP,0.16,0.03,0.19,2026-03-03T17:08:38.520718Z
804,72767,"Stevens, Mullen and Conley",invoiced,EUR,58920.0,11784.0,70704.0,2026-03-03T17:08:38.584102Z
802,81912,Pierce LLC,invoiced,EUR,783.0,156.6,939.6,2026-03-03T17:08:38.589399Z
805,74761,Atkinson Inc,confirmed,USD,4975.0,348.25,5323.25,2026-03-03T17:08:38.595726Z
803,24309,Freeman Group,invoiced,EUR,1.76,0.35,2.11,2026-03-03T17:08:38.616848Z
806,69763,Knight PLC,created,EUR,7164.0,1432.8,8596.8,2026-03-03T17:08:38.630888Z
810,85186,Humphrey-Martin,created,GBP,5937.0,1187.4,7124.4,2026-03-03T17:08:38.660359Z
807,58176,"Garcia, Martin and Lara",confirmed,USD,8358.3,585.08,8943.38,2026-03-03T17:08:38.665659Z
809,16592,Lopez-Norton,confirmed,EUR,7761.0,1552.2,9313.2,2026-03-03T17:08:38.667345Z
808,57760,Santos-Le,created,USD,13612.0,952.84,14564.84,2026-03-03T17:08:38.680300Z
801,23780,Kelly Group,confirmed,EUR,2673.0,534.6,3207.6,2026-03-03T17:08:39.711868Z
813,26488,Mcbride Ltd,created,EUR,35156.0,7031.2,42187.2,2026-03-03T17:08:39.774041Z
820,38389,Rangel-Henry,invoiced,USD,7839.0,548.73,8387.73,2026-03-03T17:08:39.840865Z
815,11669,Williams-Parker,confirmed,GBP,901.96,180.39,1082.35,2026-03-03T17:08:39.848117Z
812,14106,Austin-Espinoza,created,USD,1.37,0.1,1.47,2026-03-03T17:08:39.849755Z
818,71591,"Flores, Ferguson and Briggs",paid,EUR,32639.2,6527.84,39167.04,2026-03-03T17:08:39.851364Z
817,26714,"Flores, Whitaker and King",created,GBP,9154.0,1830.8,10984.8,2026-03-03T17:08:39.855469Z
814,88764,Summers and Sons,invoiced,GBP,5311.0,1062.2,6373.2,2026-03-03T17:08:39.859944Z
819,57694,Anderson LLC,invoiced,GBP,0.12,0.02,0.14,2026-03-03T17:08:39.863807Z
811,21935,Estes PLC,confirmed,GBP,0.13,0.03,0.16,2026-03-03T17:08:40.886017Z
816,30995,"Rodriguez, Jenkins and Davis",invoiced,EUR,3.87,0.77,4.64,2026-03-03T17:08:40.939157Z
826,82522,"King, Kelly and Thomas",confirmed,EUR,986.0,197.2,1183.2,2026-03-03T17:08:41.003727Z
821,84749,"Riggs, Torres and Ward",paid,USD,9589.9,671.29,10261.19,2026-03-03T17:08:41.012813Z
827,56780,Freeman-Williams,confirmed,USD,0.71,0.05,0.76,2026-03-03T17:08:41.022949Z
822,24910,Morris-Chandler,confirmed,USD,11186.09,783.03,11969.12,2026-03-03T17:08:41.031920Z
828,36060,Cummings and Sons,confirmed,USD,118.0,8.26,126.26,2026-03-03T17:08:41.036837Z
825,45451,"Rowland, Carter and Lloyd",paid,GBP,0.13,0.03,0.16,2026-03-03T17:08:41.053681Z
824,94523,Gardner Inc,paid,USD,1860.0,130.2,1990.2,2026-03-03T17:08:41.059897Z
829,37032,Ruiz-Lee,created,GBP,0.55,0.11,0.66,2026-03-03T17:08:41.061960Z
830,23855,"Gill, Hill and Meyers",created,GBP,30426.0,6085.2,36511.2,2026-03-03T17:08:41.070193Z
823,54087,"Harrell, Martin and Davis",created,EUR,0.46,0.09,0.55,2026-03-03T17:08:41.080052Z
839,91070,Combs Ltd,created,USD,43514.0,3045.98,46559.98,2026-03-03T17:08:41.149768Z
835,90876,"Bean, Walton and Haynes",paid,GBP,3.52,0.7,4.22,2026-03-03T17:08:41.162435Z
831,30627,Lozano-Chen,confirmed,EUR,1075.64,215.13,1290.77,2026-03-03T17:08:41.169156Z
832,95506,"Rogers, Hart and Perez",confirmed,EUR,27350.12,5470.02,32820.14,2026-03-03T17:08:41.192326Z
837,82819,Wallace-Aguirre,invoiced,GBP,6262.0,1252.4,7514.4,2026-03-03T17:08:41.195027Z
838,76592,"Morris, Bush and Grimes",created,EUR,4158.0,831.6,4989.6,2026-03-03T17:08:41.201776Z
834,48719,Walker and Sons,invoiced,EUR,38430.31,7686.06,46116.37,2026-03-03T17:08:41.203492Z
833,84334,"Roberts, Ray and Rodriguez",created,USD,0.4,0.03,0.43,2026-03-03T17:08:41.233778Z
836,63442,Hansen Ltd,paid,GBP,319.0,63.8,382.8,2026-03-03T17:08:42.246011Z
840,37178,Bryant-Charles,invoiced,EUR,39950.2,7990.04,47940.24,2026-03-03T17:08:42.301403Z
841,85718,"Horton, George and Lewis",paid,GBP,33560.62,6712.12,40272.74,2026-03-03T17:08:42.370936Z
844,94554,"Mills, Osborn and Rodriguez",confirmed,GBP,49330.0,9866.0,59196.0,2026-03-03T17:08:42.373211Z
850,74757,Davis-Pearson,created,USD,7363.0,515.41,7878.41,2026-03-03T17:08:42.393258Z
846,23410,Freeman and Sons,paid,GBP,4753.68,950.74,5704.42,2026-03-03T17:08:42.406912Z
848,68313,Brock-Buck,paid,USD,0.68,0.05,0.73,2026-03-03T17:08:42.415664Z
842,18716,Thompson-Miller,paid,EUR,116.18,23.24,139.42,2026-03-03T17:08:42.438389Z
847,61058,White-Kirk,paid,EUR,4776.0,955.2,5731.2,2026-03-03T17:08:42.445969Z
843,97214,"Meyer, Padilla and Warner",paid,GBP,799.0,159.8,958.8,2026-03-03T17:08:42.448179Z
845,17346,Wong-Schmidt,confirmed,EUR,2.01,0.4,2.41,2026-03-03T17:08:42.455039Z
849,10390,"Brown, Guerrero and Frye",paid,EUR,0.93,0.19,1.12,2026-03-03T17:08:43.546323Z
853,63046,Boyer-Garner,invoiced,EUR,1.58,0.32,1.9,2026-03-03T17:08:43.604705Z
859,85033,Martinez Ltd,created,EUR,698.88,139.78,838.66,2026-03-03T17:08:43.631995Z
852,90739,Reynolds Group,created,GBP,300.44,60.09,360.53,2026-03-03T17:08:43.633998Z
857,73115,"Neal, Clarke and Lambert",invoiced,EUR,24769.0,4953.8,29722.8,2026-03-03T17:08:43.644364Z
855,42650,Moore-Newton,confirmed,GBP,36754.0,7350.8,44104.8,2026-03-03T17:08:43.656916Z
856,38476,Saunders Inc,invoiced,USD,41520.1,2906.41,44426.51,2026-03-03T17:08:43.659510Z
860,28119,Contreras Inc,created,USD,2.21,0.15,2.36,2026-03-03T17:08:43.680535Z
858,79361,"Davis, Moore and Oneill",confirmed,GBP,7990.85,1598.17,9589.02,2026-03-03T17:08:43.691823Z
854,56363,Hardy-Mason,created,GBP,0.95,0.19,1.14,2026-03-03T17:08:43.703904Z
851,85996,Graves-Bryant,confirmed,GBP,1.18,0.24,1.42,2026-03-03T17:08:44.764773Z
869,64210,"Sanders, Jensen and Bryant",confirmed,EUR,1.07,0.21,1.28,2026-03-03T17:08:44.823873Z
865,62456,"Peters, Mckenzie and Alexander",paid,EUR,4776.76,955.35,5732.11,2026-03-03T17:08:44.829567Z
861,68470,Sexton-Williams,invoiced,EUR,1.12,0.22,1.34,2026-03-03T17:08:44.838095Z
867,27433,"Stevens, Mata and Carrillo",confirmed,USD,6556.83,458.98,7015.81,2026-03-03T17:08:44.850725Z
862,84054,"Harris, Mason and Wiggins",created,EUR,2.96,0.59,3.55,2026-03-03T17:08:44.852463Z
863,86217,Ryan-Horne,confirmed,GBP,6766.0,1353.2,8119.2,2026-03-03T17:08:44.853959Z
868,62649,Murphy PLC,created,GBP,435.0,87.0,522.0,2026-03-03T17:08:44.866107Z
866,25439,Smith LLC,created,EUR,1.08,0.22,1.3,2026-03-03T17:08:44.871096Z
870,42079,Wallace-Wood,invoiced,EUR,2.51,0.5,3.01,2026-03-03T17:08:44.881217Z
864,50080,Johnson-Frazier,created,GBP,3997.04,799.41,4796.45,2026-03-03T17:08:44.908151Z
875,75970,Adkins-Trujillo,paid,EUR,9353.0,1870.6,11223.6,2026-03-03T17:08:44.994861Z
879,20189,"Cox, Gaines and Lopez",created,USD,10416.0,729.12,11145.12,2026-03-03T17:08:44.999955Z
878,81248,"Campbell, Atkins and Peterson",created,GBP,9353.9,1870.78,11224.68,2026-03-03T17:08:45.017557Z
871,55597,"Valencia, Rosales and Cortez",confirmed,EUR,35723.04,7144.61,42867.65,2026-03-03T17:08:45.020847Z
877,38982,Bruce-Oneill,paid,GBP,4950.0,990.0,5940.0,2026-03-03T17:08:45.027896Z
873,28466,"Knight, Torres and Mullen",created,EUR,4864.0,972.8,5836.8,2026-03-03T17:08:45.032572Z
874,78074,Gomez Inc,paid,USD,26452.97,1851.71,28304.68,2026-03-03T17:08:45.062820Z
876,12821,"Green, Fisher and Miller",invoiced,USD,7854.56,549.82,8404.38,2026-03-03T17:08:46.153349Z
872,81744,Anderson-Jordan,confirmed,EUR,42347.18,8469.44,50816.62,2026-03-03T17:08:47.149071Z
880,23931,Gross Ltd,created,EUR,4265.72,853.14,5118.86,2026-03-03T17:08:47.154970Z
884,98718,Cameron Group,paid,USD,21573.0,1510.11,23083.11,2026-03-03T17:08:47.216225Z
888,20465,Silva-Moon,paid,GBP,19544.0,3908.8,23452.8,2026-03-03T17:08:47.222858Z
887,74785,Freeman-Gonzalez,invoiced,GBP,1.68,0.34,2.02,2026-03-03T17:08:47.232531Z
890,16340,Campbell-Adams,invoiced,GBP,1881.0,376.2,2257.2,2026-03-03T17:08:47.234405Z
881,97751,Jackson-West,created,EUR,2587.51,517.5,3105.01,2026-03-03T17:08:47.250576Z
885,58336,Meza-Olsen,created,EUR,6272.05,1254.41,7526.46,2026-03-03T17:08:47.254355Z
882,11531,"May, Braun and Taylor",confirmed,GBP,21545.64,4309.13,25854.77,2026-03-03T17:08:47.261461Z
883,82900,Martin PLC,paid,EUR,3.17,0.63,3.8,2026-03-03T17:08:47.277415Z
886,35037,"Hansen, Martinez and Evans",confirmed,GBP,27262.0,5452.4,32714.4,2026-03-03T17:08:47.279228Z
889,93714,"Mcbride, Young and Miller",paid,GBP,34804.0,6960.8,41764.8,2026-03-03T17:08:47.300864Z
900,91800,Brooks Inc,invoiced,USD,51935.9,3635.51,55571.41,2026-03-03T17:08:47.366097Z
899,26951,Harmon Ltd,invoiced,GBP,0.85,0.17,1.02,2026-03-03T17:08:47.367971Z
895,94926,Simmons PLC,confirmed,USD,2.32,0.16,2.48,2026-03-03T17:08:47.372513Z
893,76032,Clark-Guerrero,invoiced,GBP,1570.0,314.0,1884.0,2026-03-03T17:08:47.374537Z
896,36053,"Wilson, Morris and Mccoy",confirmed,EUR,1.72,0.34,2.06,2026-03-03T17:08:47.381324Z
894,67992,Campbell-Frazier,invoiced,GBP,3.76,0.75,4.51,2026-03-03T17:08:47.408492Z
897,16269,Potter Group,invoiced,GBP,4158.16,831.63,4989.79,2026-03-03T17:08:47.412053Z
892,39635,Beck-Whitaker,confirmed,EUR,4953.28,990.66,5943.94,2026-03-03T17:08:47.447096Z
898,64819,Miller Inc,paid,USD,522.0,36.54,558.54,2026-03-03T17:08:47.454170Z
891,93275,Hill-Young,paid,EUR,5572.27,1114.45,6686.72,2026-03-03T17:08:48.475256Z
908,94741,Richard and Sons,confirmed,GBP,1.07,0.21,1.28,2026-03-03T17:08:48.539368Z
903,15521,"Valdez, Roberts and Lopez",confirmed,EUR,4.55,0.91,5.46,2026-03-03T17:08:48.560985Z
901,66520,"Phillips, Silva and Cruz",invoiced,USD,5584.64,390.92,5975.56,2026-03-03T17:08:48.568458Z
904,88901,Hunt-Morrison,created,EUR,5367.44,1073.49,6440.93,2026-03-03T17:08:48.572502Z
910,91769,"Hayes, Bowman and Mendez",created,GBP,1.52,0.3,1.82,2026-03-03T17:08:48.580298Z
907,62798,Strong LLC,created,USD,20552.92,1438.7,21991.62,2026-03-03T17:08:48.602404Z
906,10155,Gamble-Harrington,invoiced,EUR,1593.33,318.67,1912.0,2026-03-03T17:08:48.604231Z
902,45776,"Walters, Castillo and Lawrence",paid,EUR,21644.21,4328.84,25973.05,2026-03-03T17:08:48.605839Z
905,99663,Reed-Medina,confirmed,GBP,1322.11,264.42,1586.53,2026-03-03T17:08:48.610030Z
909,36995,"Sanders, Briggs and Young",confirmed,USD,0.03,0.0,0.03,2026-03-03T17:08:48.631298Z
913,22396,Woods Ltd,created,EUR,2397.0,479.4,2876.4,2026-03-03T17:08:48.707185Z
915,32698,Robles-Webb,confirmed,GBP,12072.9,2414.58,14487.48,2026-03-03T17:08:48.720396Z
917,78539,"Blankenship, Farley and Williams",invoiced,EUR,58.04,11.61,69.65,2026-03-03T17:08:48.723625Z
912,78990,"Small, Collins and Castro",confirmed,USD,61.28,4.29,65.57,2026-03-03T17:08:48.726373Z
920,89398,Russell-Hernandez,created,USD,15181.94,1062.74,16244.68,2026-03-03T17:08:48.738773Z
919,98770,"Mclaughlin, Mitchell and Castro",created,GBP,3366.0,673.2,4039.2,2026-03-03T17:08:48.741504Z
918,93741,Espinoza-Thomas,paid,USD,19176.92,1342.38,20519.3,2026-03-03T17:08:48.744261Z
911,69935,Buck-Cline,created,USD,38684.0,2707.88,41391.88,2026-03-03T17:08:48.778052Z
916,99729,"Blanchard, Bird and Robles",created,GBP,1453.16,290.63,1743.79,2026-03-03T17:08:48.781225Z
914,17592,Pratt-Yang,confirmed,GBP,4378.21,875.64,5253.85,2026-03-03T17:08:48.793882Z
930,78121,Ruiz PLC,invoiced,USD,1592.48,111.47,1703.95,2026-03-03T17:08:48.857029Z
924,84068,Ellis-Norris,paid,EUR,36245.19,7249.04,43494.23,2026-03-03T17:08:48.860756Z
922,16576,"Mcintosh, Bradshaw and Henry",paid,USD,7987.0,559.09,8546.09,2026-03-03T17:08:48.920470Z
927,93292,Miller Inc,confirmed,EUR,87.0,17.4,104.4,2026-03-03T17:08:48.923509Z
923,72712,George PLC,invoiced,GBP,4780.0,956.0,5736.0,2026-03-03T17:08:48.926131Z
926,94609,Nash-Shaffer,created,EUR,0.16,0.03,0.19,2026-03-03T17:08:48.930591Z
925,22223,Spence Ltd,paid,USD,30362.33,2125.36,32487.69,2026-03-03T17:08:48.951954Z
929,35340,"Jones, Floyd and Jacobson",invoiced,EUR,87.24,17.45,104.69,2026-03-03T17:08:49.979731Z
928,50051,Ryan-Frank,confirmed,GBP,31887.52,6377.5,38265.02,2026-03-03T17:08:49.982032Z
921,55516,Sullivan-Munoz,invoiced,USD,0.3,0.02,0.32,2026-03-03T17:08:50.001564Z
937,80349,Welch PLC,created,USD,3466.14,242.63,3708.77,2026-03-03T17:08:50.074512Z
931,65572,Cohen-Duncan,paid,GBP,2477.04,495.41,2972.45,2026-03-03T17:08:50.076645Z
933,79356,"Thompson, Shaw and Stanley",invoiced,GBP,59925.0,11985.0,71910.0,2026-03-03T17:08:50.086056Z
932,77728,Callahan Ltd,created,USD,11186.23,783.04,11969.27,2026-03-03T17:08:50.094299Z
940,57019,Smith-Sandoval,created,EUR,1585.52,317.1,1902.62,2026-03-03T17:08:50.108804Z
936,30288,Frederick-Johnson,confirmed,EUR,3999.61,799.92,4799.53,2026-03-03T17:08:50.111388Z
938,68860,Wood-Maldonado,invoiced,USD,11143.28,780.03,11923.31,2026-03-03T17:08:50.127502Z
935,99870,"Chavez, Williams and Jackson",invoiced,EUR,4264.32,852.86,5117.18,2026-03-03T17:08:50.129698Z
934,70478,Smith Inc,invoiced,USD,3.28,0.23,3.51,2026-03-03T17:08:50.155536Z
939,22775,Robinson LLC,paid,EUR,2.77,0.55,3.32,2026-03-03T17:08:51.179295Z
942,61775,Dalton Ltd,created,GBP,0.03,0.01,0.04,2026-03-03T17:08:51.243288Z
943,80971,Nichols and Sons,paid,EUR,12289.04,2457.81,14746.85,2026-03-03T17:08:51.271240Z
949,54065,"Richardson, Weiss and Adams",invoiced,USD,22372.12,1566.05,23938.17,2026-03-03T17:08:51.277546Z
950,37813,Steele Group,created,EUR,2772.0,554.4,3326.4,2026-03-03T17:08:51.310339Z
948,78405,Townsend-Johnson,invoiced,EUR,0.49,0.1,0.59,2026-03-03T17:08:51.327808Z
946,14410,"Wong, Dickson and Burns",invoiced,EUR,2990.0,598.0,3588.0,2026-03-03T17:08:51.334865Z
941,56901,"Patel, Rodgers and Fleming",confirmed,USD,3465.25,242.57,3707.82,2026-03-03T17:08:52.324932Z
945,67064,Wolfe-Hogan,created,GBP,1363.47,272.69,1636.16,2026-03-03T17:08:52.352272Z
947,36084,"Hill, Kelly and Rodriguez",confirmed,EUR,20761.08,4152.22,24913.3,2026-03-03T17:08:53.395251Z
944,11542,Ellison-Medina,created,EUR,928.0,185.6,1113.6,2026-03-03T17:08:53.536759Z
956,99563,Hernandez-Rodgers,created,EUR,4.39,0.88,5.27,2026-03-03T17:08:53.615090Z
958,52309,"Mclean, Castillo and Reynolds",paid,EUR,10557.0,2111.4,12668.4,2026-03-03T17:08:53.619784Z
951,33260,Carson-Scott,invoiced,USD,1305.87,91.41,1397.28,2026-03-03T17:08:53.626248Z
960,60890,"Thompson, Small and Carter",confirmed,USD,8159.92,571.19,8731.11,2026-03-03T17:08:53.630963Z
955,97138,Gibson-Gilbert,paid,GBP,11189.5,2237.9,13427.4,2026-03-03T17:08:53.634205Z
952,25003,"Williams, Lopez and Martin",created,EUR,26367.28,5273.46,31640.74,2026-03-03T17:08:53.678860Z
957,70636,Noble and Sons,confirmed,GBP,13389.0,2677.8,16066.8,2026-03-03T17:08:53.685536Z
953,10532,Hughes LLC,confirmed,USD,1.5,0.11,1.61,2026-03-03T17:08:53.695531Z
954,32665,"Brown, Dickerson and Graves",invoiced,USD,3198.42,223.89,3422.31,2026-03-03T17:08:53.700284Z
959,72236,Rodriguez Group,invoiced,GBP,30362.0,6072.4,36434.4,2026-03-03T17:08:54.836797Z
966,14330,Barrett-Freeman,paid,GBP,18377.0,3675.4,22052.4,2026-03-03T17:08:54.904846Z
970,47472,"Rodriguez, Davis and Hansen",invoiced,GBP,38352.06,7670.41,46022.47,2026-03-03T17:08:54.919646Z
963,80716,Lewis-Preston,invoiced,USD,986.0,69.02,1055.02,2026-03-03T17:08:54.921866Z
968,22863,Hampton-Andrews,confirmed,EUR,3665.3,733.06,4398.36,2026-03-03T17:08:54.938033Z
969,59538,"Cuevas, Davis and Stark",created,GBP,4975.1,995.02,5970.12,2026-03-03T17:08:54.939946Z
961,93996,"Brown, Barnes and Stephens",invoiced,EUR,5970.0,1194.0,7164.0,2026-03-03T17:08:54.953232Z
965,40145,Morris-Holt,paid,GBP,2932.82,586.56,3519.38,2026-03-03T17:08:54.966707Z
964,76125,Hawkins-Donovan,paid,EUR,1450.99,290.2,1741.19,2026-03-03T17:08:54.981033Z
967,78948,Lewis Group,invoiced,GBP,1219.52,243.9,1463.42,2026-03-03T17:08:54.982794Z
962,43190,"Pearson, Kim and Anderson",invoiced,GBP,3465.0,693.0,4158.0,2026-03-03T17:08:56.070816Z
979,71360,Tyler Inc,created,EUR,25568.95,5113.79,30682.74,2026-03-03T17:08:56.141833Z
975,74849,"Horton, Newman and Hoffman",created,EUR,6569.61,1313.92,7883.53,2026-03-03T17:08:56.168122Z
974,53173,"Guzman, Salazar and Steele",created,GBP,5175.15,1035.03,6210.18,2026-03-03T17:08:56.170108Z
973,30341,"Williams, Barnes and Baker",confirmed,GBP,29563.4,5912.68,35476.08,2026-03-03T17:08:56.175514Z
977,92623,Schneider LLC,paid,USD,2060.76,144.25,2205.01,2026-03-03T17:08:56.189367Z
976,53466,"Cohen, Richard and Brown",paid,GBP,3.75,0.75,4.5,2026-03-03T17:08:56.193693Z
972,25740,"Russell, James and Villarreal",confirmed,USD,23364.0,1635.48,24999.48,2026-03-03T17:08:56.196345Z
978,87451,Chang Group,paid,GBP,2120.0,424.0,2544.0,2026-03-03T17:08:56.206263Z
971,44483,Archer Ltd,created,EUR,0.24,0.05,0.29,2026-03-03T17:08:57.253998Z
980,65976,Irwin-Thompson,created,EUR,9154.06,1830.81,10984.87,2026-03-03T17:08:57.311837Z
983,96893,"Blake, Bennett and Tran",created,EUR,89.56,17.91,107.47,2026-03-03T17:08:57.381786Z
987,79829,"Mack, Moreno and Brown",created,EUR,2.28,0.46,2.74,2026-03-03T17:08:57.386002Z
986,25837,Cox Inc,paid,EUR,693.76,138.75,832.51,2026-03-03T17:08:57.391519Z
984,92392,Kennedy Inc,paid,EUR,27399.23,5479.85,32879.08,2026-03-03T17:08:57.413778Z
989,20789,Evans Ltd,paid,EUR,4953.84,990.77,5944.61,2026-03-03T17:08:57.416051Z
988,49821,"Rodriguez, Garcia and Miller",paid,USD,9207.0,644.49,9851.49,2026-03-03T17:08:57.448008Z
981,38757,Taylor LLC,invoiced,EUR,0.1,0.02,0.12,2026-03-03T17:08:58.522280Z
990,75778,Barber LLC,paid,USD,3863.96,270.48,4134.44,2026-03-03T17:08:58.549355Z
985,53364,Richardson Group,confirmed,EUR,30.73,6.15,36.88,2026-03-03T17:08:58.554192Z
982,76174,Roberson Inc,created,GBP,198.92,39.78,238.7,2026-03-03T17:08:59.589497Z
991,29305,Rios-Roberts,confirmed,USD,2178.0,152.46,2330.46,2026-03-03T17:08:59.658893Z
998,31605,Crane-Patel,invoiced,GBP,1.91,0.38,2.29,2026-03-03T17:08:59.660792Z
993,18059,Thomas LLC,invoiced,GBP,17578.0,3515.6,21093.6,2026-03-03T17:08:59.663716Z
997,71040,Evans-Thompson,invoiced,GBP,4257.0,851.4,5108.4,2026-03-03T17:08:59.665651Z
994,26653,"Parsons, James and Valdez",paid,USD,10140.08,709.81,10849.89,2026-03-03T17:08:59.669764Z
999,98972,Mosley PLC,paid,EUR,1044.0,208.8,1252.8,2026-03-03T17:08:59.681847Z
996,68167,Werner-Garcia,invoiced,USD,3762.62,263.38,4026.0,2026-03-03T17:08:59.684095Z
992,36059,Lindsey-Smith,paid,EUR,29.0,5.8,34.8,2026-03-03T17:08:59.696003Z
995,33827,Gill-Lambert,created,GBP,1192.3,238.46,1430.76,2026-03-03T17:08:59.727568Z
1000,66226,"Hodges, Long and Brown",invoiced,USD,0.24,0.02,0.26,2026-03-03T17:08:59.741587Z
